motif_ID	motif_ALT_ID	seq_ID	site_Start	site_End	site_Strand	site_Score	site_Sequence
1-AAGAAGAAGAA	STREME-1	NbT2T09g01731	1942	1952	+	17.84	AAGAAGAAGAA
1-AAGAAGAAGAA	STREME-1	NbT2T09g01731	1945	1955	+	17.84	AAGAAGAAGAA
1-AAGAAGAAGAA	STREME-1	NbT2T09g01731	1948	1958	+	17.84	AAGAAGAAGAA
1-AAGAAGAAGAA	STREME-1	NbT2T10g01023	981	991	-	17.84	AAGAAGAAGAA
1-AAGAAGAAGAA	STREME-1	NbT2T10g01023	984	994	-	17.84	AAGAAGAAGAA
1-AAGAAGAAGAA	STREME-1	NbT2T18g00077	364	374	-	17.84	AAGAAGAAGAA
1-AAGAAGAAGAA	STREME-1	NbT2T18g00077	367	377	-	17.84	AAGAAGAAGAA
1-AAGAAGAAGAA	STREME-1	NbT2T01g00562	1744	1754	-	17.84	AAGAAGAAGAA
1-AAGAAGAAGAA	STREME-1	NbT2T07g01747	1900	1910	-	17.84	AAGAAGAAGAA
1-AAGAAGAAGAA	STREME-1	NbT2T10g02131	283	293	-	17.84	AAGAAGAAGAA
1-AAGAAGAAGAA	STREME-1	NbT2T16g02011	1944	1954	-	17.84	AAGAAGAAGAA
1-AAGAAGAAGAA	STREME-1	NbT2T07g01705	1814	1824	-	17.84	AAGAAGAAGAA
1-AAGAAGAAGAA	STREME-1	NbT2T07g01705	1817	1827	-	17.84	AAGAAGAAGAA
1-AAGAAGAAGAA	STREME-1	NbT2T08g02609	534	544	-	17.84	AAGAAGAAGAA
1-AAGAAGAAGAA	STREME-1	NbT2T08g02609	537	547	-	17.84	AAGAAGAAGAA
1-AAGAAGAAGAA	STREME-1	NbT2T07g01744	1900	1910	-	17.84	AAGAAGAAGAA
1-AAGAAGAAGAA	STREME-1	NbT2T01g01692	1558	1568	+	17.84	AAGAAGAAGAA
1-AAGAAGAAGAA	STREME-1	NbT2T01g01692	1561	1571	+	17.84	AAGAAGAAGAA
1-AAGAAGAAGAA	STREME-1	NbT2T12g00878	69	79	+	17.84	AAGAAGAAGAA
1-AAGAAGAAGAA	STREME-1	NbT2T12g00878	72	82	+	17.84	AAGAAGAAGAA
1-AAGAAGAAGAA	STREME-1	NbT2T12g00878	75	85	+	17.84	AAGAAGAAGAA
1-AAGAAGAAGAA	STREME-1	NbT2T12g00878	78	88	+	17.84	AAGAAGAAGAA
1-AAGAAGAAGAA	STREME-1	NbT2T12g00878	81	91	+	17.84	AAGAAGAAGAA
1-AAGAAGAAGAA	STREME-1	NbT2T19g01544	1245	1255	+	17.84	AAGAAGAAGAA
1-AAGAAGAAGAA	STREME-1	NbT2T05g00031	1236	1246	-	17.84	AAGAAGAAGAA
1-AAGAAGAAGAA	STREME-1	NbT2T07g01747	490	500	-	16.52	AAGAAGAAGGA
1-AAGAAGAAGAA	STREME-1	NbT2T13g01846	618	628	-	16.52	AAGAAGAAGGA
1-AAGAAGAAGAA	STREME-1	NbT2T06g02328	1566	1576	+	16.52	AAGAAGAAGGA
1-AAGAAGAAGAA	STREME-1	NbT2T17g02695	1848	1858	-	16.52	AAGAAGAAGGA
1-AAGAAGAAGAA	STREME-1	NbT2T13g00961	338	348	-	16.28	AAGAAGAAGAG
1-AAGAAGAAGAA	STREME-1	NbT2T11g02161	1771	1781	-	16.28	AAGAAGAAGAG
1-AAGAAGAAGAA	STREME-1	NbT2T08g02609	1982	1992	+	16.28	AAGAAGAAGAG
1-AAGAAGAAGAA	STREME-1	NbT2T16g00269	987	997	-	16.18	AAGAAGACGAA
1-AAGAAGAAGAA	STREME-1	NbT2T04g03023	1618	1628	-	16.18	AAGAAGACGAA
1-AAGAAGAAGAA	STREME-1	NbT2T01g00657	1666	1676	-	15.96	AAGAACAAGAA
1-AAGAAGAAGAA	STREME-1	NbT2T06g02841	407	417	+	15.96	AAGAACAAGAA
1-AAGAAGAAGAA	STREME-1	NbT2T06g02841	427	437	+	15.96	AAGAACAAGAA
1-AAGAAGAAGAA	STREME-1	NbT2T15g00291	502	512	+	15.96	AAGAACAAGAA
1-AAGAAGAAGAA	STREME-1	NbT2T17g02697	1282	1292	+	15.00	AAGAAGAGGAA
1-AAGAAGAAGAA	STREME-1	NbT2T02g01928	1982	1992	-	15.00	AAGAAGAGGAA
1-AAGAAGAAGAA	STREME-1	NbT2T18g00606	1594	1604	-	14.66	AAGAAGACGGA
1-AAGAAGAAGAA	STREME-1	NbT2T01g02292	595	605	-	14.64	AAGAACAAGGA
1-AAGAAGAAGAA	STREME-1	NbT2T04g03023	1882	1892	-	14.56	AAGAAGAAGGG
1-AAGAAGAAGAA	STREME-1	NbT2T08g01553	663	673	+	14.56	AAGAAGAAGGG
1-AAGAAGAAGAA	STREME-1	NbT2T01g00281	1482	1492	+	14.40	AAGAACAAGAG
1-AAGAAGAAGAA	STREME-1	NbT2T19g00422	1588	1598	+	14.40	AAGAACAAGAG
1-AAGAAGAAGAA	STREME-1	NbT2T12g00877	320	330	-	14.40	AAGAACAAGAG
1-AAGAAGAAGAA	STREME-1	NbT2T13g02451	11	21	+	14.40	AAGAACAAGAG
1-AAGAAGAAGAA	STREME-1	NbT2T13g01456	1500	1510	-	14.40	AAGAACAAGAG
1-AAGAAGAAGAA	STREME-1	NbT2T04g03023	1922	1932	+	14.23	AAGAACACGAA
1-AAGAAGAAGAA	STREME-1	NbT2T12g00039	766	776	+	13.90	ATGAAGAAGAA
1-AAGAAGAAGAA	STREME-1	NbT2T15g01809	1274	1284	-	13.90	ATGAAGAAGAA
1-AAGAAGAAGAA	STREME-1	NbT2T06g00232	1989	1999	+	13.86	AAGAAGCAGAA
1-AAGAAGAAGAA	STREME-1	NbT2T07g02944	1972	1982	-	13.44	AAGAAGAGGAG
1-AAGAAGAAGAA	STREME-1	NbT2T17g00734	1615	1625	-	13.23	AAGTAGAAGAA
1-AAGAAGAAGAA	STREME-1	NbT2T07g02944	1432	1442	-	13.22	AAGAAGAGGGA
1-AAGAAGAAGAA	STREME-1	NbT2T15g00899	1526	1536	-	13.22	AAGAAGAGGGA
1-AAGAAGAAGAA	STREME-1	NbT2T16g02011	1941	1951	-	13.19	AAGAAGAAGAT
1-AAGAAGAAGAA	STREME-1	NbT2T07g01705	1782	1792	+	13.19	AAGAAGAAGAT
1-AAGAAGAAGAA	STREME-1	NbT2T01g01692	1466	1476	-	13.19	AAGAAGAAGAT
1-AAGAAGAAGAA	STREME-1	NbT2T01g01266	1805	1815	+	13.19	AAGAAGAAGAT
1-AAGAAGAAGAA	STREME-1	NbT2T01g00664	233	243	+	13.15	AAGAAAAAGAA
1-AAGAAGAAGAA	STREME-1	NbT2T13g01366	1361	1371	-	13.15	AAGAAAAAGAA
1-AAGAAGAAGAA	STREME-1	NbT2T12g01576	1590	1600	+	13.15	AAGAAAAAGAA
1-AAGAAGAAGAA	STREME-1	NbT2T13g01846	1736	1746	-	13.15	AAGAAAAAGAA
1-AAGAAGAAGAA	STREME-1	NbT2T04g02932	303	313	+	13.15	AAGAAAAAGAA
1-AAGAAGAAGAA	STREME-1	NbT2T10g02131	289	299	-	13.15	AAGAAAAAGAA
1-AAGAAGAAGAA	STREME-1	NbT2T02g01928	846	856	+	13.15	AAGAAAAAGAA
1-AAGAAGAAGAA	STREME-1	NbT2T08g02609	844	854	-	13.15	AAGAAAAAGAA
1-AAGAAGAAGAA	STREME-1	NbT2T08g02609	1109	1119	-	13.15	AAGAAAAAGAA
1-AAGAAGAAGAA	STREME-1	NbT2T05g01822	1920	1930	+	13.15	AAGAAAAAGAA
1-AAGAAGAAGAA	STREME-1	NbT2T01g02687	1084	1094	+	13.15	AAGAAAAAGAA
1-AAGAAGAAGAA	STREME-1	NbT2T07g02856	1277	1287	+	12.97	TAGAAGAAGAA
1-AAGAAGAAGAA	STREME-1	NbT2T14g01276	1353	1363	+	12.68	AAGAAGAAAAA
1-AAGAAGAAGAA	STREME-1	NbT2T12g00039	1915	1925	+	12.68	AAGAAGAAAAA
1-AAGAAGAAGAA	STREME-1	NbT2T16g01109	1006	1016	-	12.68	AAGAAGAAAAA
1-AAGAAGAAGAA	STREME-1	NbT2T07g01747	1897	1907	-	12.68	AAGAAGAAAAA
1-AAGAAGAAGAA	STREME-1	NbT2T11g01093	1504	1514	+	12.68	AAGAAGAAAAA
1-AAGAAGAAGAA	STREME-1	NbT2T15g01809	1271	1281	-	12.68	AAGAAGAAAAA
1-AAGAAGAAGAA	STREME-1	NbT2T11g02161	1719	1729	-	12.68	AAGAAGAAAAA
1-AAGAAGAAGAA	STREME-1	NbT2T07g00525	895	905	-	12.68	AAGAAGAAAAA
1-AAGAAGAAGAA	STREME-1	NbT2T07g01744	1897	1907	-	12.68	AAGAAGAAAAA
1-AAGAAGAAGAA	STREME-1	NbT2T16g01585	70	80	+	12.68	AAGAAGAAAAA
1-AAGAAGAAGAA	STREME-1	NbT2T12g00878	312	322	-	12.68	AAGAAGAAAAA
1-AAGAAGAAGAA	STREME-1	NbT2T16g01353	692	702	-	12.68	AAGAAGAAAAA
1-AAGAAGAAGAA	STREME-1	NbT2T16g01353	837	847	-	12.68	AAGAAGAAAAA
1-AAGAAGAAGAA	STREME-1	NbT2T17g02695	1903	1913	-	12.68	AAGAAGAAAAA
1-AAGAAGAAGAA	STREME-1	NbT2T01g00685	1053	1063	-	12.57	ATGAAGAAGGA
1-AAGAAGAAGAA	STREME-1	NbT2T09g03257	1896	1906	-	12.34	ATGAAGAAGAG
1-AAGAAGAAGAA	STREME-1	NbT2T08g01556	1426	1436	+	12.34	ATGAAGAAGAG
#
2-AAATAAAATAAA	STREME-2	NbT2T02g01930	957	968	+	16.61	AAATAAAATAAA
2-AAATAAAATAAA	STREME-2	NbT2T15g01835	1709	1720	+	16.61	AAATAAAATAAA
2-AAATAAAATAAA	STREME-2	NbT2T01g00562	1593	1604	-	16.61	AAATAAAATAAA
2-AAATAAAATAAA	STREME-2	NbT2T09g01733	1750	1761	+	16.61	AAATAAAATAAA
2-AAATAAAATAAA	STREME-2	NbT2T11g01093	655	666	-	16.61	AAATAAAATAAA
2-AAATAAAATAAA	STREME-2	NbT2T11g02161	710	721	-	16.61	AAATAAAATAAA
2-AAATAAAATAAA	STREME-2	NbT2T11g02161	715	726	-	16.61	AAATAAAATAAA
2-AAATAAAATAAA	STREME-2	NbT2T16g01585	290	301	-	16.61	AAATAAAATAAA
2-AAATAAAATAAA	STREME-2	NbT2T01g00685	357	368	+	14.45	AAATAAATTAAA
2-AAATAAAATAAA	STREME-2	NbT2T12g00877	1518	1529	+	14.45	AAATAAATTAAA
2-AAATAAAATAAA	STREME-2	NbT2T11g00664	1488	1499	+	14.45	AAATAAATTAAA
2-AAATAAAATAAA	STREME-2	NbT2T07g01744	1050	1061	+	14.45	AAATAAATTAAA
2-AAATAAAATAAA	STREME-2	NbT2T16g01585	401	412	+	14.45	AAATAAATTAAA
2-AAATAAAATAAA	STREME-2	NbT2T12g00877	419	430	-	14.16	TAATAAAATAAA
2-AAATAAAATAAA	STREME-2	NbT2T10g01023	717	728	-	14.16	TAATAAAATAAA
2-AAATAAAATAAA	STREME-2	NbT2T12g01576	1092	1103	+	14.16	TAATAAAATAAA
2-AAATAAAATAAA	STREME-2	NbT2T10g02131	1439	1450	+	14.16	TAATAAAATAAA
2-AAATAAAATAAA	STREME-2	NbT2T17g02697	1916	1927	-	13.70	AAATAAAGTAAA
2-AAATAAAATAAA	STREME-2	NbT2T10g02131	1425	1436	-	13.70	AAATAAGATAAA
2-AAATAAAATAAA	STREME-2	NbT2T15g01794	983	994	-	13.70	AAATAAGATAAA
2-AAATAAAATAAA	STREME-2	NbT2T01g01692	574	585	-	13.70	AAATAAGATAAA
2-AAATAAAATAAA	STREME-2	NbT2T10g01426	576	587	-	13.54	AATTAAAATAAA
2-AAATAAAATAAA	STREME-2	NbT2T13g01456	1279	1290	-	13.46	AACTAAAATAAA
2-AAATAAAATAAA	STREME-2	NbT2T09g02626	1306	1317	-	13.46	AACTAAAATAAA
2-AAATAAAATAAA	STREME-2	NbT2T01g02789	483	494	-	13.44	AAATAAAATAAT
2-AAATAAAATAAA	STREME-2	NbT2T15g01794	1266	1277	+	13.44	AAATAAAATAAT
2-AAATAAAATAAA	STREME-2	NbT2T07g02856	1957	1968	-	13.39	AAATAAAATAGA
2-AAATAAAATAAA	STREME-2	NbT2T10g03043	41	52	+	13.39	AAATAAAATAGA
2-AAATAAAATAAA	STREME-2	NbT2T01g00685	478	489	+	13.38	AAATCAAATAAA
2-AAATAAAATAAA	STREME-2	NbT2T01g00685	927	938	-	13.38	AAATCAAATAAA
2-AAATAAAATAAA	STREME-2	NbT2T15g01835	1704	1715	+	13.38	AAATCAAATAAA
2-AAATAAAATAAA	STREME-2	NbT2T13g01366	733	744	-	13.38	AAATCAAATAAA
2-AAATAAAATAAA	STREME-2	NbT2T13g01846	456	467	+	13.38	AAATCAAATAAA
2-AAATAAAATAAA	STREME-2	NbT2T07g01705	1606	1617	+	13.38	AAATCAAATAAA
2-AAATAAAATAAA	STREME-2	NbT2T01g01266	1619	1630	+	13.38	AAATCAAATAAA
2-AAATAAAATAAA	STREME-2	NbT2T07g00525	1790	1801	+	13.33	AAATGAAATAAA
2-AAATAAAATAAA	STREME-2	NbT2T15g00291	1791	1802	+	13.33	AAATGAAATAAA
2-AAATAAAATAAA	STREME-2	NbT2T11g01093	650	661	-	13.29	AAATAAAATAAC
2-AAATAAAATAAA	STREME-2	NbT2T17g00017	1355	1366	+	13.29	AAATAAAATAAC
2-AAATAAAATAAA	STREME-2	NbT2T18g00028	1000	1011	-	13.21	AAATAAAATTAA
2-AAATAAAATAAA	STREME-2	NbT2T19g00423	890	901	+	13.21	AAATAAAATTAA
2-AAATAAAATAAA	STREME-2	NbT2T16g01992	329	340	-	13.21	AAATAAAATTAA
2-AAATAAAATAAA	STREME-2	NbT2T01g00521	1052	1063	+	13.10	ACATAAAATAAA
2-AAATAAAATAAA	STREME-2	NbT2T03g03181	1210	1221	-	13.00	AAATAACATAAA
2-AAATAAAATAAA	STREME-2	NbT2T11g01093	717	728	-	13.00	AAATAACATAAA
2-AAATAAAATAAA	STREME-2	NbT2T03g01542	585	596	-	13.00	AAATAACATAAA
2-AAATAAAATAAA	STREME-2	NbT2T06g02841	1583	1594	-	12.95	AAATTAAATAAA
2-AAATAAAATAAA	STREME-2	NbT2T09g01731	1002	1013	-	12.66	AAATAAAAGAAA
2-AAATAAAATAAA	STREME-2	NbT2T08g01711	381	392	-	12.66	AAATAAAAGAAA
2-AAATAAAATAAA	STREME-2	NbT2T07g00525	1795	1806	+	12.66	AAATAAAAGAAA
2-AAATAAAATAAA	STREME-2	NbT2T15g00291	1796	1807	+	12.66	AAATAAAAGAAA
2-AAATAAAATAAA	STREME-2	NbT2T17g02252	963	974	+	12.66	AAATAAAAGAAA
2-AAATAAAATAAA	STREME-2	NbT2T17g00734	382	393	-	12.44	AAATAAAATACA
2-AAATAAAATAAA	STREME-2	NbT2T08g01553	1132	1143	+	12.44	AAATAAAATACA
2-AAATAAAATAAA	STREME-2	NbT2T02g01930	952	963	+	12.43	ATATAAAATAAA
2-AAATAAAATAAA	STREME-2	NbT2T19g02723	901	912	+	12.43	ATATAAAATAAA
2-AAATAAAATAAA	STREME-2	NbT2T15g01809	1013	1024	-	12.43	ATATAAAATAAA
2-AAATAAAATAAA	STREME-2	NbT2T01g00281	1453	1464	+	12.23	AAATAATATAAA
2-AAATAAAATAAA	STREME-2	NbT2T09g01731	768	779	-	12.23	AAATAATATAAA
2-AAATAAAATAAA	STREME-2	NbT2T12g00877	349	360	-	12.23	AAATAATATAAA
2-AAATAAAATAAA	STREME-2	NbT2T04g01802	154	165	+	12.23	AAATAATATAAA
2-AAATAAAATAAA	STREME-2	NbT2T17g02695	1324	1335	+	12.23	AAATAATATAAA
2-AAATAAAATAAA	STREME-2	NbT2T07g02944	778	789	+	12.00	TAATAAATTAAA
2-AAATAAAATAAA	STREME-2	NbT2T17g00064	1464	1475	-	12.00	TAATAAATTAAA
2-AAATAAAATAAA	STREME-2	NbT2T17g00064	1658	1669	-	12.00	TAATAAATTAAA
2-AAATAAAATAAA	STREME-2	NbT2T06g02328	645	656	+	12.00	TAATAAATTAAA
2-AAATAAAATAAA	STREME-2	NbT2T04g03023	779	790	-	12.00	TAATAAATTAAA
2-AAATAAAATAAA	STREME-2	NbT2T09g03257	171	182	+	11.73	AAATAAAAAAAA
2-AAATAAAATAAA	STREME-2	NbT2T18g00077	1308	1319	+	11.73	AAATAAAAAAAA
2-AAATAAAATAAA	STREME-2	NbT2T03g02940	1020	1031	+	11.73	AAATAAAAAAAA
2-AAATAAAATAAA	STREME-2	NbT2T10g02131	1474	1485	+	11.73	AAATAAAAAAAA
2-AAATAAAATAAA	STREME-2	NbT2T07g01705	407	418	-	11.73	AAATAAAAAAAA
2-AAATAAAATAAA	STREME-2	NbT2T01g00414	1600	1611	+	11.73	AAATAAAAAAAA
2-AAATAAAATAAA	STREME-2	NbT2T01g01266	439	450	-	11.73	AAATAAAAAAAA
2-AAATAAAATAAA	STREME-2	NbT2T04g01215	628	639	+	11.73	AAATAAAAAAAA
2-AAATAAAATAAA	STREME-2	NbT2T16g01109	1543	1554	-	11.53	AAATATAATAAA
2-AAATAAAATAAA	STREME-2	NbT2T19g01544	470	481	-	11.53	AAATATAATAAA
2-AAATAAAATAAA	STREME-2	NbT2T01g02292	1348	1359	+	11.53	AAATATAATAAA
2-AAATAAAATAAA	STREME-2	NbT2T02g01930	634	645	+	11.38	AATTAAATTAAA
2-AAATAAAATAAA	STREME-2	NbT2T18g00077	1140	1151	+	11.38	AATTAAATTAAA
2-AAATAAAATAAA	STREME-2	NbT2T13g02451	354	365	-	11.38	AATTAAATTAAA
2-AAATAAAATAAA	STREME-2	NbT2T03g02126	573	584	-	11.28	AAATAAATTAAT
2-AAATAAAATAAA	STREME-2	NbT2T18g00694	1673	1684	-	11.28	AAATAAATTAAT
2-AAATAAAATAAA	STREME-2	NbT2T16g01353	1605	1616	+	11.25	TAATAAAGTAAA
2-AAATAAAATAAA	STREME-2	NbT2T18g02241	1090	1101	-	11.23	AAATAAATTAGA
2-AAATAAAATAAA	STREME-2	NbT2T04g01802	1757	1768	+	11.23	AAATAAATTAGA
2-AAATAAAATAAA	STREME-2	NbT2T04g01802	1714	1725	+	11.23	AAATAAGTTAAA
2-AAATAAAATAAA	STREME-2	NbT2T09g01733	1836	1847	+	11.17	AAATGAATTAAA
2-AAATAAAATAAA	STREME-2	NbT2T13g01846	223	234	+	11.17	AAATGAATTAAA
2-AAATAAAATAAA	STREME-2	NbT2T10g01426	1836	1847	+	11.17	AAATGAATTAAA
2-AAATAAAATAAA	STREME-2	NbT2T01g00664	1255	1266	+	11.15	AAATACAATAAA
2-AAATAAAATAAA	STREME-2	NbT2T03g03181	1179	1190	-	10.99	TAATAAAATAAT
2-AAATAAAATAAA	STREME-2	NbT2T01g00562	1414	1425	-	10.99	TAATAAAATAAT
2-AAATAAAATAAA	STREME-2	NbT2T04g01802	830	841	-	10.99	TAATAAAATAAT
2-AAATAAAATAAA	STREME-2	NbT2T09g02170	1262	1273	+	10.95	ACATAAATTAAA
2-AAATAAAATAAA	STREME-2	NbT2T18g00606	1307	1318	+	10.95	ACATAAATTAAA
2-AAATAAAATAAA	STREME-2	NbT2T07g02829	1181	1192	-	10.93	TAATCAAATAAA
2-AAATAAAATAAA	STREME-2	NbT2T15g02726	215	226	-	10.93	TAATCAAATAAA
#
3-ACAACAACAAYAACA	STREME-3	NbT2T11g01093	898	912	-	24.93	ACAACAACAACAACA
3-ACAACAACAAYAACA	STREME-3	NbT2T11g01093	901	915	-	24.93	ACAACAACAACAACA
3-ACAACAACAAYAACA	STREME-3	NbT2T11g01093	904	918	-	24.93	ACAACAACAACAACA
3-ACAACAACAAYAACA	STREME-3	NbT2T18g00606	511	525	-	24.93	ACAACAACAACAACA
3-ACAACAACAAYAACA	STREME-3	NbT2T02g01928	125	139	+	24.93	ACAACAACAACAACA
3-ACAACAACAAYAACA	STREME-3	NbT2T13g02451	1186	1200	-	24.93	ACAACAACAACAACA
3-ACAACAACAAYAACA	STREME-3	NbT2T13g02451	1189	1203	-	24.93	ACAACAACAACAACA
3-ACAACAACAAYAACA	STREME-3	NbT2T09g03257	1581	1595	-	23.74	ACAACAACAACAACT
3-ACAACAACAAYAACA	STREME-3	NbT2T18g00606	508	522	-	23.74	ACAACAACAACAACT
3-ACAACAACAAYAACA	STREME-3	NbT2T10g01426	862	876	-	23.74	ACAACAACAACAACT
3-ACAACAACAAYAACA	STREME-3	NbT2T05g00031	430	444	+	23.74	ACAACAACAACAACT
3-ACAACAACAAYAACA	STREME-3	NbT2T06g02841	1108	1122	+	23.36	ACAACAACAACAACC
3-ACAACAACAAYAACA	STREME-3	NbT2T03g03181	1387	1401	-	23.30	ACAACAACAATAACA
3-ACAACAACAAYAACA	STREME-3	NbT2T10g02424	1477	1491	-	23.30	ACAACAACAATAACA
3-ACAACAACAAYAACA	STREME-3	NbT2T15g00291	854	868	+	21.73	ACAACAACAATAACC
3-ACAACAACAAYAACA	STREME-3	NbT2T15g00291	848	862	+	21.65	ATAACAACAACAACA
3-ACAACAACAAYAACA	STREME-3	NbT2T15g00899	557	571	+	21.60	ACAATAACAACAACA
3-ACAACAACAAYAACA	STREME-3	NbT2T01g00685	1856	1870	-	21.52	TCAACAACAACAACA
3-ACAACAACAAYAACA	STREME-3	NbT2T09g03257	1584	1598	-	21.52	TCAACAACAACAACA
3-ACAACAACAAYAACA	STREME-3	NbT2T02g01928	122	136	+	21.52	TCAACAACAACAACA
3-ACAACAACAAYAACA	STREME-3	NbT2T17g00017	1140	1154	+	21.13	ACAACAGCAACAACA
3-ACAACAACAAYAACA	STREME-3	NbT2T14g01276	121	135	-	20.47	ATAACAACAACAACT
3-ACAACAACAAYAACA	STREME-3	NbT2T10g02424	1474	1488	-	20.43	ACAACAATAACAACT
3-ACAACAACAAYAACA	STREME-3	NbT2T10g01640	484	498	+	20.37	CCAACAACAACAACT
3-ACAACAACAAYAACA	STREME-3	NbT2T05g01822	493	507	-	20.25	ACAACAACAACTACT
3-ACAACAACAAYAACA	STREME-3	NbT2T03g03181	1384	1398	-	20.04	ACAACAATAACAACC
3-ACAACAACAAYAACA	STREME-3	NbT2T13g01366	1268	1282	-	19.98	ACAACAATAATAACA
3-ACAACAACAAYAACA	STREME-3	NbT2T18g00606	514	528	-	19.91	AGAACAACAACAACA
3-ACAACAACAAYAACA	STREME-3	NbT2T09g03257	1578	1592	-	19.86	ACAACAACAACTACC
3-ACAACAACAAYAACA	STREME-3	NbT2T18g00606	505	519	-	19.86	ACAACAACAACTACC
3-ACAACAACAAYAACA	STREME-3	NbT2T10g01426	859	873	-	19.86	ACAACAACAACTACC
3-ACAACAACAAYAACA	STREME-3	NbT2T01g00685	1850	1864	-	19.79	ACAACAACAAAAACA
3-ACAACAACAAYAACA	STREME-3	NbT2T14g01276	1815	1829	-	19.79	ACAACAACAAAAACA
3-ACAACAACAAYAACA	STREME-3	NbT2T19g00422	1572	1586	+	19.25	ACAAGAACAATAACT
3-ACAACAACAAYAACA	STREME-3	NbT2T12g00877	332	346	-	19.25	ACAAGAACAATAACT
3-ACAACAACAAYAACA	STREME-3	NbT2T12g01335	1528	1542	-	19.22	GCAACAACAACAACG
3-ACAACAACAAYAACA	STREME-3	NbT2T03g03181	1390	1404	-	18.93	ACAACAACAACAATA
3-ACAACAACAAYAACA	STREME-3	NbT2T10g02424	1480	1494	-	18.93	ACAACAACAACAATA
3-ACAACAACAAYAACA	STREME-3	NbT2T15g00291	851	865	+	18.93	ACAACAACAACAATA
3-ACAACAACAAYAACA	STREME-3	NbT2T19g02723	1958	1972	-	18.73	ACAACAACATTAACA
3-ACAACAACAAYAACA	STREME-3	NbT2T14g01276	1083	1097	+	17.99	GTAACAACAACAACA
3-ACAACAACAAYAACA	STREME-3	NbT2T17g00734	262	276	-	17.86	ACAAGAACAATAGCA
3-ACAACAACAAYAACA	STREME-3	NbT2T09g01886	1461	1475	-	17.86	ACAAGAACAATAGCA
3-ACAACAACAAYAACA	STREME-3	NbT2T11g01093	892	906	-	17.82	ACAACAACAATTACC
3-ACAACAACAAYAACA	STREME-3	NbT2T10g01426	865	879	-	17.78	ATTACAACAACAACA
3-ACAACAACAAYAACA	STREME-3	NbT2T19g02723	747	761	-	17.67	ACAACAACAACAATC
3-ACAACAACAAYAACA	STREME-3	NbT2T02g01928	128	142	+	17.67	ACAACAACAACAATC
3-ACAACAACAAYAACA	STREME-3	NbT2T11g01093	895	909	-	17.52	ACAACAACAACAATT
3-ACAACAACAAYAACA	STREME-3	NbT2T15g01835	1224	1238	-	17.17	CCACCAACAACAACA
3-ACAACAACAAYAACA	STREME-3	NbT2T01g00685	1838	1852	-	17.10	ACAATAATAACAACT
3-ACAACAACAAYAACA	STREME-3	NbT2T13g01366	71	85	+	17.10	AGAACAACAATAACT
3-ACAACAACAAYAACA	STREME-3	NbT2T12g00039	1647	1661	-	16.99	TCAACATCAACAACA
3-ACAACAACAAYAACA	STREME-3	NbT2T13g01366	1265	1279	-	16.71	ACAATAATAACAACC
3-ACAACAACAAYAACA	STREME-3	NbT2T07g02491	531	545	+	16.65	ACAATAATAATAACA
3-ACAACAACAAYAACA	STREME-3	NbT2T10g03043	615	629	-	16.62	TCAATAACAACAACC
3-ACAACAACAAYAACA	STREME-3	NbT2T17g02695	1509	1523	+	16.59	AGAATAACAACAACA
3-ACAACAACAAYAACA	STREME-3	NbT2T14g01276	1086	1100	+	16.45	ACAACAACAACAATG
3-ACAACAACAAYAACA	STREME-3	NbT2T10g01640	87	101	-	16.43	ACAACAATAACTACG
3-ACAACAACAAYAACA	STREME-3	NbT2T03g02940	1673	1687	-	16.40	GCAACAATAACAACT
3-ACAACAACAAYAACA	STREME-3	NbT2T04g03023	1738	1752	-	16.32	ACTACAAGAACAACA
3-ACAACAACAAYAACA	STREME-3	NbT2T10g02424	1483	1497	-	16.31	ACGACAACAACAACA
3-ACAACAACAAYAACA	STREME-3	NbT2T08g01556	629	643	+	16.21	ATTACAACAACAACC
3-ACAACAACAAYAACA	STREME-3	NbT2T07g00525	355	369	+	16.13	ATAACAACGACAGCA
3-ACAACAACAAYAACA	STREME-3	NbT2T17g00017	1146	1160	+	15.83	GCAACAACAACTACC
3-ACAACAACAAYAACA	STREME-3	NbT2T15g01794	1068	1082	+	15.70	ACAAAAATAATAACA
3-ACAACAACAAYAACA	STREME-3	NbT2T04g02932	76	90	+	15.52	ATAACAATAATAACT
3-ACAACAACAAYAACA	STREME-3	NbT2T10g02424	1338	1352	-	15.52	ACAAAAACAAAAACA
3-ACAACAACAAYAACA	STREME-3	NbT2T07g00489	1066	1080	-	15.52	ACAAAAACAAAAACA
3-ACAACAACAAYAACA	STREME-3	NbT2T06g02012	176	190	-	15.45	ACAACACCAACTACG
3-ACAACAACAAYAACA	STREME-3	NbT2T10g01640	90	104	-	15.41	CCTACAACAATAACT
3-ACAACAACAAYAACA	STREME-3	NbT2T04g03023	1735	1749	-	15.40	ACAAGAACAACAAGC
3-ACAACAACAAYAACA	STREME-3	NbT2T02g01930	1575	1589	-	15.40	TCCACAACAACAACG
3-ACAACAACAAYAACA	STREME-3	NbT2T07g02491	534	548	+	15.01	ATAATAATAACAACA
3-ACAACAACAAYAACA	STREME-3	NbT2T06g00232	753	767	+	14.99	ATAACAACAACAAGC
#
4-AAAATAAAAATTT	STREME-4	NbT2T18g00077	1316	1328	+	16.79	AAAATAAAAATTT
4-AAAATAAAAATTT	STREME-4	NbT2T15g01835	644	656	-	16.79	AAAATAAAAATTT
4-AAAATAAAAATTT	STREME-4	NbT2T19g02723	1061	1073	+	16.79	AAAATAAAAATTT
4-AAAATAAAAATTT	STREME-4	NbT2T17g02697	1503	1515	+	16.79	AAAATAAAAATTT
4-AAAATAAAAATTT	STREME-4	NbT2T08g01553	1266	1278	+	16.79	AAAATAAAAATTT
4-AAAATAAAAATTT	STREME-4	NbT2T14g00237	1374	1386	-	16.79	AAAATAAAAATTT
4-AAAATAAAAATTT	STREME-4	NbT2T01g02687	924	936	-	16.79	AAAATAAAAATTT
4-AAAATAAAAATTT	STREME-4	NbT2T09g01733	1754	1766	+	16.21	AAAATAAAGATTT
4-AAAATAAAAATTT	STREME-4	NbT2T18g00028	1652	1664	+	16.21	AAAATAAAGATTT
4-AAAATAAAAATTT	STREME-4	NbT2T13g02451	1606	1618	-	16.21	AAAATAAAGATTT
4-AAAATAAAAATTT	STREME-4	NbT2T10g01426	1754	1766	+	16.21	AAAATAAAGATTT
4-AAAATAAAAATTT	STREME-4	NbT2T01g00281	200	212	+	15.94	AAAATAAAAATAT
4-AAAATAAAAATTT	STREME-4	NbT2T12g00878	1186	1198	+	15.94	AAAATAAAAATAT
4-AAAATAAAAATTT	STREME-4	NbT2T19g01544	1160	1172	-	15.94	AAAATAAAAATAT
4-AAAATAAAAATTT	STREME-4	NbT2T19g01544	1193	1205	-	15.94	AAAATAAAAATAT
4-AAAATAAAAATTT	STREME-4	NbT2T07g01705	1181	1193	-	15.46	AAAATAAAAATTA
4-AAAATAAAAATTT	STREME-4	NbT2T16g01585	285	297	-	15.46	AAAATAAAAATTA
4-AAAATAAAAATTT	STREME-4	NbT2T17g02252	875	887	+	15.46	AAAATAAAAATTA
4-AAAATAAAAATTT	STREME-4	NbT2T10g03043	1265	1277	-	15.45	AAAATAATAATTT
4-AAAATAAAAATTT	STREME-4	NbT2T06g00232	969	981	+	15.36	AAAATAAAGATAT
4-AAAATAAAAATTT	STREME-4	NbT2T09g01731	1154	1166	+	14.60	AAAATAATAATAT
4-AAAATAAAAATTT	STREME-4	NbT2T05g00031	662	674	+	14.60	AAAATAATAATAT
4-AAAATAAAAATTT	STREME-4	NbT2T01g00562	91	103	+	14.48	AAAATAAAAATGT
4-AAAATAAAAATTT	STREME-4	NbT2T11g00664	1046	1058	+	14.46	AGAATAAAAATTT
4-AAAATAAAAATTT	STREME-4	NbT2T15g01794	588	600	-	14.29	TAAATAAAAATAT
4-AAAATAAAAATTT	STREME-4	NbT2T17g02422	1287	1299	+	14.29	TAAATAAAAATAT
4-AAAATAAAAATTT	STREME-4	NbT2T01g00521	129	141	-	14.12	AAAATAATAATTA
4-AAAATAAAAATTT	STREME-4	NbT2T14g00237	1122	1134	+	14.12	AAAATAATAATTA
4-AAAATAAAAATTT	STREME-4	NbT2T17g02695	1440	1452	+	14.12	AAAATAATAATTA
4-AAAATAAAAATTT	STREME-4	NbT2T07g01747	1391	1403	-	14.04	AAAATAAAAATAA
4-AAAATAAAAATTT	STREME-4	NbT2T07g01744	1391	1403	-	14.04	AAAATAAAAATAA
4-AAAATAAAAATTT	STREME-4	NbT2T16g01353	1538	1550	+	14.04	AAAATAAAAATAA
4-AAAATAAAAATTT	STREME-4	NbT2T14g01276	182	194	+	13.89	AAAATAAAGATGT
4-AAAATAAAAATTT	STREME-4	NbT2T07g02856	302	314	+	13.80	TAAATAAAAATTA
4-AAAATAAAAATTT	STREME-4	NbT2T07g00525	1182	1194	+	13.80	TAAATAAAAATTA
4-AAAATAAAAATTT	STREME-4	NbT2T04g00281	973	985	-	13.80	TAAATAAAAATTA
4-AAAATAAAAATTT	STREME-4	NbT2T12g00039	52	64	-	13.80	TAAATAATAATTT
4-AAAATAAAAATTT	STREME-4	NbT2T19g02716	822	834	+	13.70	TAAATAAAGATAT
4-AAAATAAAAATTT	STREME-4	NbT2T01g00657	1730	1742	-	13.68	AAAATAAAAACTT
4-AAAATAAAAATTT	STREME-4	NbT2T19g00423	746	758	+	13.68	AAAATAAAAACTT
4-AAAATAAAAATTT	STREME-4	NbT2T10g01023	1014	1026	+	13.36	AAAATCAAGATTT
4-AAAATAAAAATTT	STREME-4	NbT2T15g01835	1859	1871	-	13.29	AAAATAAAATTAT
4-AAAATAAAAATTT	STREME-4	NbT2T13g01846	1578	1590	-	13.29	AAAATAAAATTAT
4-AAAATAAAAATTT	STREME-4	NbT2T03g02940	85	97	-	13.29	AAAATAAAATTAT
4-AAAATAAAAATTT	STREME-4	NbT2T16g01585	483	495	-	13.29	AAAATAAAATTAT
4-AAAATAAAAATTT	STREME-4	NbT2T16g01992	1205	1217	+	13.29	AAAATAAAATTAT
4-AAAATAAAAATTT	STREME-4	NbT2T04g01802	226	238	-	13.13	AGAATAAAAATTA
4-AAAATAAAAATTT	STREME-4	NbT2T04g01215	65	77	-	13.12	AGAATAATAATTT
4-AAAATAAAAATTT	STREME-4	NbT2T09g01731	1529	1541	+	13.10	AAAATCAAAATAT
4-AAAATAAAAATTT	STREME-4	NbT2T10g02131	1828	1840	+	13.10	AAAATCAAAATAT
4-AAAATAAAAATTT	STREME-4	NbT2T16g01109	1057	1069	-	13.00	AAAATAAAAATTC
4-AAAATAAAAATTT	STREME-4	NbT2T10g02131	1443	1455	+	13.00	AAAATAAAAATTC
4-AAAATAAAAATTT	STREME-4	NbT2T19g00422	305	317	+	12.81	AAAATAAAAGTTT
#
5-AGAGGCTGTTTCCAA	STREME-5	NbT2T14g01276	30	44	-	28.13	AGAGGCTGTTTCCAA
5-AGAGGCTGTTTCCAA	STREME-5	NbT2T01g00521	624	638	+	28.13	AGAGGCTGTTTCCAA
5-AGAGGCTGTTTCCAA	STREME-5	NbT2T19g02723	661	675	-	28.13	AGAGGCTGTTTCCAA
5-AGAGGCTGTTTCCAA	STREME-5	NbT2T10g02131	1638	1652	+	28.13	AGAGGCTGTTTCCAA
5-AGAGGCTGTTTCCAA	STREME-5	NbT2T10g03043	529	543	-	28.13	AGAGGCTGTTTCCAA
5-AGAGGCTGTTTCCAA	STREME-5	NbT2T07g00525	472	486	+	28.13	AGAGGCTGTTTCCAA
5-AGAGGCTGTTTCCAA	STREME-5	NbT2T13g02451	1100	1114	-	28.13	AGAGGCTGTTTCCAA
5-AGAGGCTGTTTCCAA	STREME-5	NbT2T05g01822	399	413	-	28.13	AGAGGCTGTTTCCAA
5-AGAGGCTGTTTCCAA	STREME-5	NbT2T04g02932	1247	1261	-	24.19	AGAGGCTGTTTCCGA
5-AGAGGCTGTTTCCAA	STREME-5	NbT2T10g02131	976	990	-	23.94	CGAGGCTGTTTCCAA
5-AGAGGCTGTTTCCAA	STREME-5	NbT2T11g01093	804	818	-	23.62	AGAGGCTGTTTCCAT
5-AGAGGCTGTTTCCAA	STREME-5	NbT2T07g00489	1112	1126	-	22.89	AGATGCTGTTTCCAA
5-AGAGGCTGTTTCCAA	STREME-5	NbT2T08g01556	720	734	+	22.86	ACAGGCTGTTTCCAA
5-AGAGGCTGTTTCCAA	STREME-5	NbT2T12g00039	1561	1575	-	22.38	AGAAGCTGTTTCCAA
5-AGAGGCTGTTTCCAA	STREME-5	NbT2T06g02841	1194	1208	+	22.38	AGAAGCTGTTTCCAA
5-AGAGGCTGTTTCCAA	STREME-5	NbT2T18g02241	1778	1792	-	22.29	AGAGGCTGTTTTCAA
5-AGAGGCTGTTTCCAA	STREME-5	NbT2T02g01928	214	228	+	22.29	AGAGGCTGTTTTCAA
5-AGAGGCTGTTTCCAA	STREME-5	NbT2T01g00664	1571	1585	-	22.20	AGAGCCTGTTTCCAA
5-AGAGGCTGTTTCCAA	STREME-5	NbT2T10g02424	1383	1397	-	22.16	AGAGGCTATTTCCAA
5-AGAGGCTGTTTCCAA	STREME-5	NbT2T10g01640	575	589	+	22.16	AGAGGCTATTTCCAA
5-AGAGGCTGTTTCCAA	STREME-5	NbT2T01g00521	1384	1398	-	21.40	AGAGGCTCTTTCCAA
5-AGAGGCTGTTTCCAA	STREME-5	NbT2T10g01426	772	786	-	18.68	AGAGGCTGCTTCCAT
5-AGAGGCTGTTTCCAA	STREME-5	NbT2T03g01542	875	889	-	18.28	AGAGACTGTTTCCGA
5-AGAGGCTGTTTCCAA	STREME-5	NbT2T04g03023	1643	1657	-	18.22	AGAGGCTATTTCCGA
5-AGAGGCTGTTTCCAA	STREME-5	NbT2T16g01109	415	429	-	17.65	AGAGGCTATTTCCAG
5-AGAGGCTGTTTCCAA	STREME-5	NbT2T17g00017	1234	1248	+	17.62	AGAGACCGTTTCCAA
5-AGAGGCTGTTTCCAA	STREME-5	NbT2T09g02897	1423	1437	-	17.43	AGAGGCTATTTCCAC
5-AGAGGCTGTTTCCAA	STREME-5	NbT2T03g03181	1298	1312	-	17.42	AGAGGTTGTTTCCAG
5-AGAGGCTGTTTCCAA	STREME-5	NbT2T01g00562	1144	1158	+	16.71	AGATTCTGTTTCCAA
5-AGAGGCTGTTTCCAA	STREME-5	NbT2T03g02940	449	463	+	16.38	AGAGACTGTTTTCAA
5-AGAGGCTGTTTCCAA	STREME-5	NbT2T08g01556	1098	1112	+	16.30	AGAGGTTATTTCCAA
5-AGAGGCTGTTTCCAA	STREME-5	NbT2T05g00031	518	532	+	16.16	AGAAGTTGTTTCCAA
5-AGAGGCTGTTTCCAA	STREME-5	NbT2T06g00810	1689	1703	-	15.95	AAAGGTTGTTTCCAA
5-AGAGGCTGTTTCCAA	STREME-5	NbT2T07g00489	168	182	-	12.63	AGAGTCTGTCTCCAT
5-AGAGGCTGTTTCCAA	STREME-5	NbT2T14g01276	1163	1177	+	12.31	AGAGTCTATTTCCGA
5-AGAGGCTGTTTCCAA	STREME-5	NbT2T09g03257	1857	1871	-	12.29	AGAGGAAGTTTCCAT
5-AGAGGCTGTTTCCAA	STREME-5	NbT2T17g02422	1588	1602	-	12.16	AGAGACTGTTACAAA
5-AGAGGCTGTTTCCAA	STREME-5	NbT2T08g02765	1614	1628	+	11.97	AGATGTTGTTTCCAC
5-AGAGGCTGTTTCCAA	STREME-5	NbT2T13g01366	161	175	+	11.95	TAAGACTGTTTCCAA
5-AGAGGCTGTTTCCAA	STREME-5	NbT2T15g00659	1354	1368	-	11.83	AGAACCTGTTTCCAC
5-AGAGGCTGTTTCCAA	STREME-5	NbT2T15g00659	1640	1654	-	11.83	AGAACCTGTTTCCAC
5-AGAGGCTGTTTCCAA	STREME-5	NbT2T19g02716	1292	1306	-	11.52	AGAGACTATTTCCAC
#
6-CCTTACCCCTACCC	STREME-6	NbT2T03g03181	1323	1336	-	26.76	CCTTACCCCTACCC
6-CCTTACCCCTACCC	STREME-6	NbT2T11g01093	829	842	-	26.76	CCTTACCCCTACCC
6-CCTTACCCCTACCC	STREME-6	NbT2T10g02131	1616	1629	+	26.76	CCTTACCCCTACCC
6-CCTTACCCCTACCC	STREME-6	NbT2T17g00017	1210	1223	+	26.76	CCTTACCCCTACCC
6-CCTTACCCCTACCC	STREME-6	NbT2T13g02451	1123	1136	-	26.76	CCTTACCCCTACCC
6-CCTTACCCCTACCC	STREME-6	NbT2T08g01556	698	711	+	26.76	CCTTACCCCTACCC
6-CCTTACCCCTACCC	STREME-6	NbT2T05g01822	424	437	-	26.76	CCTTACCCCTACCC
6-CCTTACCCCTACCC	STREME-6	NbT2T06g00232	820	833	+	26.76	CCTTACCCCTACCC
6-CCTTACCCCTACCC	STREME-6	NbT2T10g01640	551	564	+	26.76	CCTTACCCCTACCC
6-CCTTACCCCTACCC	STREME-6	NbT2T01g00521	1409	1422	-	23.68	CCTTACCCCTATCC
6-CCTTACCCCTACCC	STREME-6	NbT2T16g01109	440	453	-	23.68	CCTTACCCCTATCC
6-CCTTACCCCTACCC	STREME-6	NbT2T04g03023	1668	1681	-	23.66	CCTTACCCTTACCC
6-CCTTACCCCTACCC	STREME-6	NbT2T14g01276	55	68	-	23.12	TCTTACCCCTACCC
6-CCTTACCCCTACCC	STREME-6	NbT2T07g00489	1137	1150	-	23.12	TCTTACCCCTACCC
6-CCTTACCCCTACCC	STREME-6	NbT2T10g01426	797	810	-	23.12	TCTTACCCCTACCC
6-CCTTACCCCTACCC	STREME-6	NbT2T10g02424	1408	1421	-	22.80	CCTTATCCCTACCC
6-CCTTACCCCTACCC	STREME-6	NbT2T07g00525	450	463	+	22.80	CCTTATCCCTACCC
6-CCTTACCCCTACCC	STREME-6	NbT2T06g02841	1172	1185	+	22.51	CGTTACCCCTACCC
6-CCTTACCCCTACCC	STREME-6	NbT2T10g03043	552	565	-	22.50	CCTTACCTCTACCC
6-CCTTACCCCTACCC	STREME-6	NbT2T15g00291	917	930	+	21.77	CATTACCCCTACCC
6-CCTTACCCCTACCC	STREME-6	NbT2T19g02716	146	159	+	21.51	CCTTACCCCTTACC
6-CCTTACCCCTACCC	STREME-6	NbT2T19g02716	153	166	+	21.51	CCTTACCCCTTACC
6-CCTTACCCCTACCC	STREME-6	NbT2T05g00031	494	507	+	20.33	CTTTACCCCTACCC
6-CCTTACCCCTACCC	STREME-6	NbT2T07g02491	739	752	+	19.90	CCTTACCCCTATCT
6-CCTTACCCCTACCC	STREME-6	NbT2T13g01846	697	710	+	19.28	CCCCACCCCCACCC
6-CCTTACCCCTACCC	STREME-6	NbT2T13g01846	703	716	+	19.28	CCCCACCCCCACCC
6-CCTTACCCCTACCC	STREME-6	NbT2T15g00291	1758	1771	+	19.28	CCCCACCCCCACCC
6-CCTTACCCCTACCC	STREME-6	NbT2T13g01366	1203	1216	-	19.27	CCTTACCCCTATCA
6-CCTTACCCCTACCC	STREME-6	NbT2T19g02723	684	697	-	19.19	CCTTACCTCTACCT
6-CCTTACCCCTACCC	STREME-6	NbT2T18g00077	1373	1386	-	18.78	CCTCACTCCTACCC
6-CCTTACCCCTACCC	STREME-6	NbT2T03g02940	425	438	+	18.53	CCTTATCCCTACCA
6-CCTTACCCCTACCC	STREME-6	NbT2T17g02252	765	778	-	18.39	CCTTACCCTCCCCC
6-CCTTACCCCTACCC	STREME-6	NbT2T17g02252	760	773	-	18.36	CCCTCCCCCCACCC
6-CCTTACCCCTACCC	STREME-6	NbT2T01g00664	1594	1607	-	18.26	CCTTACCCATTCCC
6-CCTTACCCCTACCC	STREME-6	NbT2T08g01711	1591	1604	+	17.83	CCCTCCCCCTTCCC
6-CCTTACCCCTACCC	STREME-6	NbT2T02g01928	1022	1035	+	17.75	ACTTACCCCTATCC
6-CCTTACCCCTACCC	STREME-6	NbT2T17g00734	1467	1480	+	17.61	CCTTCCCCCCACCT
6-CCTTACCCCTACCC	STREME-6	NbT2T12g00039	1584	1597	-	17.16	CCTTACCCCTATTC
6-CCTTACCCCTACCC	STREME-6	NbT2T10g02131	999	1012	-	17.16	CCTTACCCCTATTC
6-CCTTACCCCTACCC	STREME-6	NbT2T07g02491	599	612	+	16.90	CCTTACCCCTACTT
6-CCTTACCCCTACCC	STREME-6	NbT2T11g00664	1919	1932	+	16.75	TCTTCCCCCTTCCC
6-CCTTACCCCTACCC	STREME-6	NbT2T01g00657	435	448	-	16.60	CCTGACCCTGAACC
6-CCTTACCCCTACCC	STREME-6	NbT2T09g01886	330	343	-	16.60	CCTGACCCTGAACC
6-CCTTACCCCTACCC	STREME-6	NbT2T09g02626	6	19	-	16.60	CCTGACCCTGAACC
6-CCTTACCCCTACCC	STREME-6	NbT2T01g00521	602	615	+	16.57	CCTTAACCCTACCC
6-CCTTACCCCTACCC	STREME-6	NbT2T15g01809	53	66	-	16.49	CCGCACCCCCTCCC
6-CCTTACCCCTACCC	STREME-6	NbT2T13g01846	1649	1662	+	16.10	TCCCACCCCCACCC
6-CCTTACCCCTACCC	STREME-6	NbT2T01g01692	505	518	+	15.81	CATTACCCCCCCCC
6-CCTTACCCCTACCC	STREME-6	NbT2T01g01692	517	530	+	15.77	CCCCCCCCCCACCC
6-CCTTACCCCTACCC	STREME-6	NbT2T08g01556	808	821	-	15.39	CCTCACCTCCAACC
6-CCTTACCCCTACCC	STREME-6	NbT2T01g02292	1719	1732	+	15.25	CCCCCCCCCTTCCC
6-CCTTACCCCTACCC	STREME-6	NbT2T16g01585	1656	1669	-	15.23	TCTGACCCTTAACC
6-CCTTACCCCTACCC	STREME-6	NbT2T05g01822	1057	1070	+	15.19	CCTCCCCCCCCCCC
6-CCTTACCCCTACCC	STREME-6	NbT2T04g02932	1271	1284	-	15.05	CCTTATCCCTGCCT
6-CCTTACCCCTACCC	STREME-6	NbT2T02g00001	498	511	+	14.91	TCTCACCCCCCCCC
6-CCTTACCCCTACCC	STREME-6	NbT2T05g01822	1056	1069	+	14.74	CCCTCCCCCCCCCC
6-CCTTACCCCTACCC	STREME-6	NbT2T16g01923	1289	1302	+	14.69	TCTCACCCCTTCCT
6-CCTTACCCCTACCC	STREME-6	NbT2T10g03043	581	594	+	14.62	CCCTCCCCATACCC
6-CCTTACCCCTACCC	STREME-6	NbT2T08g01711	1592	1605	+	14.44	CCTCCCCCTTCCCC
6-CCTTACCCCTACCC	STREME-6	NbT2T08g01711	1417	1430	-	13.87	CCCGCCCCCCCCCC
6-CCTTACCCCTACCC	STREME-6	NbT2T16g00269	1471	1484	+	13.79	CCCCACCCCCTCCT
6-CCTTACCCCTACCC	STREME-6	NbT2T08g01556	1076	1089	+	13.78	TGTTACCTCTACCC
6-CCTTACCCCTACCC	STREME-6	NbT2T11g01124	1705	1718	+	13.77	TCCTACCCTGTCCC
6-CCTTACCCCTACCC	STREME-6	NbT2T05g01822	1050	1063	+	13.68	TCCTCCCCCTCCCC
6-CCTTACCCCTACCC	STREME-6	NbT2T14g00237	548	561	-	13.67	CCTTACGCCCATCA
#
7-AGTGGGGTCTGR	STREME-7	NbT2T03g03181	1358	1369	-	22.76	AGTGGGGTCTGG
7-AGTGGGGTCTGR	STREME-7	NbT2T14g01276	90	101	-	22.76	AGTGGGGTCTGG
7-AGTGGGGTCTGR	STREME-7	NbT2T10g02424	1443	1454	-	22.76	AGTGGGGTCTGG
7-AGTGGGGTCTGR	STREME-7	NbT2T10g02131	1031	1042	-	22.76	AGTGGGGTCTGG
7-AGTGGGGTCTGR	STREME-7	NbT2T02g01928	159	170	+	22.76	AGTGGGGTCTGG
7-AGTGGGGTCTGR	STREME-7	NbT2T13g02451	1158	1169	-	22.76	AGTGGGGTCTGG
7-AGTGGGGTCTGR	STREME-7	NbT2T19g02716	106	117	+	22.76	AGTGGGGTCTGG
7-AGTGGGGTCTGR	STREME-7	NbT2T10g01640	518	529	+	22.76	AGTGGGGTCTGG
7-AGTGGGGTCTGR	STREME-7	NbT2T15g00291	884	895	+	22.76	AGTGGGGTCTGG
7-AGTGGGGTCTGR	STREME-7	NbT2T16g01109	475	486	-	22.28	AGTGGGGTCTGA
7-AGTGGGGTCTGR	STREME-7	NbT2T03g02940	392	403	+	22.28	AGTGGGGTCTGA
7-AGTGGGGTCTGR	STREME-7	NbT2T09g03257	1550	1561	-	20.69	GGTGGGGTCTGG
7-AGTGGGGTCTGR	STREME-7	NbT2T11g01093	864	875	-	20.69	GGTGGGGTCTGG
7-AGTGGGGTCTGR	STREME-7	NbT2T18g00606	477	488	-	20.69	GGTGGGGTCTGG
7-AGTGGGGTCTGR	STREME-7	NbT2T10g01426	831	842	-	20.69	GGTGGGGTCTGG
7-AGTGGGGTCTGR	STREME-7	NbT2T08g01556	665	676	+	20.21	GGTGGGGTCTGA
7-AGTGGGGTCTGR	STREME-7	NbT2T19g00422	100	111	-	19.79	AGTGAGGTCTGG
7-AGTGGGGTCTGR	STREME-7	NbT2T18g02241	1836	1847	-	19.79	AGTGAGGTCTGG
7-AGTGGGGTCTGR	STREME-7	NbT2T08g01556	1043	1054	+	19.78	AGTGGGATCTGG
7-AGTGGGGTCTGR	STREME-7	NbT2T05g00031	464	475	+	19.78	AGTGGGATCTGG
7-AGTGGGGTCTGR	STREME-7	NbT2T15g00899	1214	1225	+	18.93	AGTGGCGTCTGA
7-AGTGGGGTCTGR	STREME-7	NbT2T06g02841	1139	1150	+	18.06	AGTAGGGTCTGG
7-AGTGGGGTCTGR	STREME-7	NbT2T06g00810	1749	1760	-	17.85	TGTGGGGTCTGG
7-AGTGGGGTCTGR	STREME-7	NbT2T17g00017	1177	1188	+	17.71	GGTGGGATCTGG
7-AGTGGGGTCTGR	STREME-7	NbT2T13g01366	105	116	+	17.47	AGTGGGGTTTGA
7-AGTGGGGTCTGR	STREME-7	NbT2T05g00031	964	975	-	17.33	AGTGGGGTCAGA
7-AGTGGGGTCTGR	STREME-7	NbT2T07g00489	1172	1183	-	17.33	AGTTGGGTCTGG
7-AGTGGGGTCTGR	STREME-7	NbT2T07g02491	567	578	+	16.34	AGTGAGATCTGG
7-AGTGGGGTCTGR	STREME-7	NbT2T10g01640	47	58	-	15.95	GATGGGGTCTGA
7-AGTGGGGTCTGR	STREME-7	NbT2T01g00562	1091	1102	+	15.86	AGTGAGATCTGA
7-AGTGGGGTCTGR	STREME-7	NbT2T13g01456	1427	1438	+	15.05	AGAGGGGTCTTA
7-AGTGGGGTCTGR	STREME-7	NbT2T15g00291	581	592	-	15.05	AGAGGGGTCTTA
7-AGTGGGGTCTGR	STREME-7	NbT2T09g02626	1451	1462	+	15.05	AGAGGGGTCTTA
7-AGTGGGGTCTGR	STREME-7	NbT2T17g00734	211	222	-	14.93	AGAGGGGTCTCA
7-AGTGGGGTCTGR	STREME-7	NbT2T01g01266	211	222	-	14.93	AGAGGGGTCTCA
7-AGTGGGGTCTGR	STREME-7	NbT2T11g00664	739	750	+	14.87	AGTGAGGGCTGA
7-AGTGGGGTCTGR	STREME-7	NbT2T19g00422	172	183	-	14.54	AGTAAGGTCTGG
7-AGTGGGGTCTGR	STREME-7	NbT2T07g00525	1722	1733	-	14.49	AATGGGATCTGA
7-AGTGGGGTCTGR	STREME-7	NbT2T05g01822	459	470	-	14.49	AATGGGATCTGA
7-AGTGGGGTCTGR	STREME-7	NbT2T15g00291	1655	1666	-	14.49	AATGGGATCTGA
7-AGTGGGGTCTGR	STREME-7	NbT2T08g02765	1416	1427	-	14.18	AGTGGGATTTGA
7-AGTGGGGTCTGR	STREME-7	NbT2T18g00694	1344	1355	+	13.46	TGTGGGGTCTTG
7-AGTGGGGTCTGR	STREME-7	NbT2T04g02932	1306	1317	-	13.25	AGTAGGGTTTGG
7-AGTGGGGTCTGR	STREME-7	NbT2T03g01542	1306	1317	-	13.25	AGTAGGGTTTGG
7-AGTGGGGTCTGR	STREME-7	NbT2T10g02131	1584	1595	+	13.16	AGTGGTGTCTGG
7-AGTGGGGTCTGR	STREME-7	NbT2T02g00001	1245	1256	-	13.12	AGTGTGGTCTTA
7-AGTGGGGTCTGR	STREME-7	NbT2T04g03023	1703	1714	-	13.04	TGTGGGGTTTGG
7-AGTGGGGTCTGR	STREME-7	NbT2T15g00659	476	487	-	12.93	ACTGGGGTTTGA
7-AGTGGGGTCTGR	STREME-7	NbT2T17g02695	1632	1643	+	12.52	AGTTGGGTTTGG
7-AGTGGGGTCTGR	STREME-7	NbT2T02g01930	506	517	-	12.22	GGTGGCGTCTAG
7-AGTGGGGTCTGR	STREME-7	NbT2T10g01640	790	801	-	12.21	AGTTGGGTCTAG
7-AGTGGGGTCTGR	STREME-7	NbT2T12g00878	618	629	+	12.11	GGTGTGATCTGA
