motif_ID	motif_ALT_ID	motif_Score	seq_ID	seq_Score	seq_Class	is_holdout?
1-ACAACAACWACCCA	STREME-1	1.8e-012	NbT2T04g03472	21.94	tp	0
1-ACAACAACWACCCA	STREME-1	1.8e-012	NbT2T19g02714	21.49	tp	0
1-ACAACAACWACCCA	STREME-1	1.8e-012	NbT2T18g02379	19.08	tp	0
1-ACAACAACWACCCA	STREME-1	1.8e-012	NbT2T08g01785	16.97	tp	0
1-ACAACAACWACCCA	STREME-1	1.8e-012	NbT2T03g02868	16.89	tp	0
1-ACAACAACWACCCA	STREME-1	1.8e-012	NbT2T06g03092	16.46	tp	0
1-ACAACAACWACCCA	STREME-1	1.8e-012	NbT2T18g01044	16.13	tp	0
1-ACAACAACWACCCA	STREME-1	1.8e-012	NbT2T17g00062	15.49	tp	0
1-ACAACAACWACCCA	STREME-1	1.8e-012	NbT2T04g01409	15.06	tp	0
1-ACAACAACWACCCA	STREME-1	1.8e-012	NbT2T16g01156	14.24	tp	0
1-ACAACAACWACCCA	STREME-1	1.8e-012	NbT2T08g00946	14.01	tp	0
1-ACAACAACWACCCA	STREME-1	1.8e-012	NbT2T11g01999	13.85	tp	0
1-ACAACAACWACCCA	STREME-1	1.8e-012	NbT2T03g03655	13.85	tp	0
1-ACAACAACWACCCA	STREME-1	1.8e-012	NbT2T16g01491	13.68	tp	0
1-ACAACAACWACCCA	STREME-1	1.8e-012	NbT2T08g01904	13.66	tp	0
1-ACAACAACWACCCA	STREME-1	1.8e-012	NbT2T02g00142	13.61	tp	0
1-ACAACAACWACCCA	STREME-1	1.8e-012	NbT2T17g01182	13.60	tp	0
1-ACAACAACWACCCA	STREME-1	1.8e-012	NbT2T19g01729	13.26	tp	0
1-ACAACAACWACCCA	STREME-1	1.8e-012	NbT2T03g00061	13.01	tp	0
1-ACAACAACWACCCA	STREME-1	1.8e-012	NbT2T02g02105	13.00	tp	0
1-ACAACAACWACCCA	STREME-1	1.8e-012	NbT2T19g02306	12.86	tp	0
1-ACAACAACWACCCA	STREME-1	1.8e-012	NbT2T15g01487	12.45	tp	0
1-ACAACAACWACCCA	STREME-1	1.8e-012	NbT2T19g02246	12.42	tp	0
1-ACAACAACWACCCA	STREME-1	1.8e-012	NbT2T07g02984	12.39	tp	0
1-ACAACAACWACCCA	STREME-1	1.8e-012	NbT2T09g02519	12.22	tp	0
1-ACAACAACWACCCA	STREME-1	1.8e-012	NbT2T04g02956	12.15	tp	0
1-ACAACAACWACCCA	STREME-1	1.8e-012	NbT2T19g00730	11.97	fp	0
1-ACAACAACWACCCA	STREME-1	1.8e-012	NbT2T11g00356	11.68	tp	0
1-ACAACAACWACCCA	STREME-1	1.8e-012	NbT2T01g00620	11.38	tp	0
1-ACAACAACWACCCA	STREME-1	1.8e-012	NbT2T11g02568	11.16	tp	0
#
2-AAAAGAAAAAAAAAA	STREME-2	2.0e-010	NbT2T17g00062	18.29	tp	0
2-AAAAGAAAAAAAAAA	STREME-2	2.0e-010	NbT2T02g02615	18.29	fp	0
2-AAAAGAAAAAAAAAA	STREME-2	2.0e-010	NbT2T18g01044	16.79	tp	0
2-AAAAGAAAAAAAAAA	STREME-2	2.0e-010	NbT2T17g01182	15.87	tp	0
2-AAAAGAAAAAAAAAA	STREME-2	2.0e-010	NbT2T11g02568	15.87	tp	0
2-AAAAGAAAAAAAAAA	STREME-2	2.0e-010	NbT2T06g03092	15.53	tp	0
2-AAAAGAAAAAAAAAA	STREME-2	2.0e-010	NbT2T04g01409	15.12	tp	0
2-AAAAGAAAAAAAAAA	STREME-2	2.0e-010	NbT2T16g01156	15.05	tp	0
2-AAAAGAAAAAAAAAA	STREME-2	2.0e-010	NbT2T19g02246	14.75	tp	0
2-AAAAGAAAAAAAAAA	STREME-2	2.0e-010	NbT2T16g01491	14.51	tp	0
2-AAAAGAAAAAAAAAA	STREME-2	2.0e-010	NbT2T08g01904	14.43	tp	0
2-AAAAGAAAAAAAAAA	STREME-2	2.0e-010	NbT2T18g00077	14.39	tp	0
2-AAAAGAAAAAAAAAA	STREME-2	2.0e-010	NbT2T06g00139	14.37	tp	0
2-AAAAGAAAAAAAAAA	STREME-2	2.0e-010	NbT2T11g01999	14.23	tp	0
2-AAAAGAAAAAAAAAA	STREME-2	2.0e-010	NbT2T04g03472	14.17	tp	0
2-AAAAGAAAAAAAAAA	STREME-2	2.0e-010	NbT2T19g01729	14.10	tp	0
2-AAAAGAAAAAAAAAA	STREME-2	2.0e-010	NbT2T14g01504	14.09	tp	0
2-AAAAGAAAAAAAAAA	STREME-2	2.0e-010	NbT2T19g02306	13.90	tp	0
2-AAAAGAAAAAAAAAA	STREME-2	2.0e-010	NbT2T03g03655	13.77	tp	0
2-AAAAGAAAAAAAAAA	STREME-2	2.0e-010	NbT2T07g02943	13.74	tp	0
2-AAAAGAAAAAAAAAA	STREME-2	2.0e-010	NbT2T09g02519	13.73	tp	0
2-AAAAGAAAAAAAAAA	STREME-2	2.0e-010	NbT2T01g00620	13.55	tp	0
2-AAAAGAAAAAAAAAA	STREME-2	2.0e-010	NbT2T19g00730	13.47	tp	0
2-AAAAGAAAAAAAAAA	STREME-2	2.0e-010	NbT2T19g02714	13.39	tp	0
2-AAAAGAAAAAAAAAA	STREME-2	2.0e-010	NbT2T08g01785	13.06	tp	0
2-AAAAGAAAAAAAAAA	STREME-2	2.0e-010	NbT2T03g02868	13.06	tp	0
2-AAAAGAAAAAAAAAA	STREME-2	2.0e-010	NbT2T18g02379	12.85	tp	0
#
3-AAAAATAAAAT	STREME-3	4.2e-009	NbT2T06g03092	14.97	tp	0
3-AAAAATAAAAT	STREME-3	4.2e-009	NbT2T04g01409	14.97	tp	0
3-AAAAATAAAAT	STREME-3	4.2e-009	NbT2T14g01504	14.97	tp	0
3-AAAAATAAAAT	STREME-3	4.2e-009	NbT2T19g01729	14.97	tp	0
3-AAAAATAAAAT	STREME-3	4.2e-009	NbT2T01g00620	14.97	tp	0
3-AAAAATAAAAT	STREME-3	4.2e-009	NbT2T06g00139	14.97	tp	0
3-AAAAATAAAAT	STREME-3	4.2e-009	NbT2T19g02306	14.97	tp	0
3-AAAAATAAAAT	STREME-3	4.2e-009	NbT2T19g02246	14.97	tp	0
3-AAAAATAAAAT	STREME-3	4.2e-009	NbT2T14g01504	14.97	fp	0
3-AAAAATAAAAT	STREME-3	4.2e-009	NbT2T19g02714	12.72	tp	0
3-AAAAATAAAAT	STREME-3	4.2e-009	NbT2T09g02519	12.72	tp	0
3-AAAAATAAAAT	STREME-3	4.2e-009	NbT2T18g02379	12.53	tp	0
3-AAAAATAAAAT	STREME-3	4.2e-009	NbT2T07g02984	12.53	tp	0
3-AAAAATAAAAT	STREME-3	4.2e-009	NbT2T11g01999	12.53	tp	0
3-AAAAATAAAAT	STREME-3	4.2e-009	NbT2T16g01491	12.53	fp	0
3-AAAAATAAAAT	STREME-3	4.2e-009	NbT2T01g01225	12.32	tp	0
3-AAAAATAAAAT	STREME-3	4.2e-009	NbT2T08g01785	12.32	tp	0
3-AAAAATAAAAT	STREME-3	4.2e-009	NbT2T19g00730	12.31	tp	0
3-AAAAATAAAAT	STREME-3	4.2e-009	NbT2T18g00077	12.31	tp	0
3-AAAAATAAAAT	STREME-3	4.2e-009	NbT2T17g01182	12.31	tp	0
3-AAAAATAAAAT	STREME-3	4.2e-009	NbT2T11g01999	12.31	fp	0
3-AAAAATAAAAT	STREME-3	4.2e-009	NbT2T08g00946	12.24	tp	0
3-AAAAATAAAAT	STREME-3	4.2e-009	NbT2T03g02868	12.17	tp	0
3-AAAAATAAAAT	STREME-3	4.2e-009	NbT2T08g01904	12.16	tp	0
3-AAAAATAAAAT	STREME-3	4.2e-009	NbT2T02g02615	12.16	tp	0
3-AAAAATAAAAT	STREME-3	4.2e-009	NbT2T18g01044	11.99	tp	0
3-AAAAATAAAAT	STREME-3	4.2e-009	NbT2T02g00142	11.99	tp	0
3-AAAAATAAAAT	STREME-3	4.2e-009	NbT2T07g02943	11.85	tp	0
3-AAAAATAAAAT	STREME-3	4.2e-009	NbT2T16g01156	11.25	tp	0
3-AAAAATAAAAT	STREME-3	4.2e-009	NbT2T02g02105	11.20	tp	0
#
4-AATTTTAAAAATAW	STREME-4	7.2e-009	NbT2T14g01504	17.58	tp	0
4-AATTTTAAAAATAW	STREME-4	7.2e-009	NbT2T19g00730	16.92	tp	0
4-AATTTTAAAAATAW	STREME-4	7.2e-009	NbT2T11g01999	16.92	tp	0
4-AATTTTAAAAATAW	STREME-4	7.2e-009	NbT2T17g01182	16.49	tp	0
4-AATTTTAAAAATAW	STREME-4	7.2e-009	NbT2T15g01487	16.08	tp	0
4-AATTTTAAAAATAW	STREME-4	7.2e-009	NbT2T08g01785	15.83	tp	0
4-AATTTTAAAAATAW	STREME-4	7.2e-009	NbT2T01g00620	15.70	tp	0
4-AATTTTAAAAATAW	STREME-4	7.2e-009	NbT2T19g02306	15.65	tp	0
4-AATTTTAAAAATAW	STREME-4	7.2e-009	NbT2T18g00077	15.40	tp	0
4-AATTTTAAAAATAW	STREME-4	7.2e-009	NbT2T04g03472	15.16	tp	0
4-AATTTTAAAAATAW	STREME-4	7.2e-009	NbT2T02g02615	14.38	tp	0
4-AATTTTAAAAATAW	STREME-4	7.2e-009	NbT2T16g01156	14.38	tp	0
4-AATTTTAAAAATAW	STREME-4	7.2e-009	NbT2T02g02105	14.24	tp	0
4-AATTTTAAAAATAW	STREME-4	7.2e-009	NbT2T11g02568	14.08	tp	0
4-AATTTTAAAAATAW	STREME-4	7.2e-009	NbT2T19g01729	13.91	tp	0
4-AATTTTAAAAATAW	STREME-4	7.2e-009	NbT2T06g03092	13.67	tp	0
4-AATTTTAAAAATAW	STREME-4	7.2e-009	NbT2T08g01904	13.46	tp	0
4-AATTTTAAAAATAW	STREME-4	7.2e-009	NbT2T03g03655	13.03	tp	0
4-AATTTTAAAAATAW	STREME-4	7.2e-009	NbT2T16g01491	12.80	tp	0
4-AATTTTAAAAATAW	STREME-4	7.2e-009	NbT2T18g01044	12.33	tp	0
4-AATTTTAAAAATAW	STREME-4	7.2e-009	NbT2T19g02714	12.17	tp	0
#
5-AAGAGARAGAGC	STREME-5	8.2e-009	NbT2T08g00946	19.18	tp	0
5-AAGAGARAGAGC	STREME-5	8.2e-009	NbT2T15g01487	19.18	tp	0
5-AAGAGARAGAGC	STREME-5	8.2e-009	NbT2T09g02519	16.49	tp	0
5-AAGAGARAGAGC	STREME-5	8.2e-009	NbT2T19g02306	16.24	tp	0
5-AAGAGARAGAGC	STREME-5	8.2e-009	NbT2T02g02615	16.16	tp	0
5-AAGAGARAGAGC	STREME-5	8.2e-009	NbT2T02g02105	16.13	tp	0
5-AAGAGARAGAGC	STREME-5	8.2e-009	NbT2T15g01487	15.84	fp	0
5-AAGAGARAGAGC	STREME-5	8.2e-009	NbT2T04g02956	15.73	tp	0
5-AAGAGARAGAGC	STREME-5	8.2e-009	NbT2T19g02714	15.41	tp	0
5-AAGAGARAGAGC	STREME-5	8.2e-009	NbT2T03g02868	15.01	tp	0
5-AAGAGARAGAGC	STREME-5	8.2e-009	NbT2T02g00142	15.01	tp	0
5-AAGAGARAGAGC	STREME-5	8.2e-009	NbT2T17g00062	14.52	tp	0
5-AAGAGARAGAGC	STREME-5	8.2e-009	NbT2T04g03472	14.24	tp	0
5-AAGAGARAGAGC	STREME-5	8.2e-009	NbT2T19g00730	14.07	tp	0
5-AAGAGARAGAGC	STREME-5	8.2e-009	NbT2T11g00356	13.97	tp	0
5-AAGAGARAGAGC	STREME-5	8.2e-009	NbT2T08g01785	13.74	tp	0
5-AAGAGARAGAGC	STREME-5	8.2e-009	NbT2T03g03655	13.71	tp	0
5-AAGAGARAGAGC	STREME-5	8.2e-009	NbT2T17g01182	13.57	tp	0
5-AAGAGARAGAGC	STREME-5	8.2e-009	NbT2T03g00061	12.89	tp	0
5-AAGAGARAGAGC	STREME-5	8.2e-009	NbT2T11g02568	12.79	tp	0
5-AAGAGARAGAGC	STREME-5	8.2e-009	NbT2T01g01225	12.68	tp	0
5-AAGAGARAGAGC	STREME-5	8.2e-009	NbT2T19g02246	12.35	fp	0
5-AAGAGARAGAGC	STREME-5	8.2e-009	NbT2T18g02379	12.23	tp	0
5-AAGAGARAGAGC	STREME-5	8.2e-009	NbT2T19g02246	12.08	tp	0
5-AAGAGARAGAGC	STREME-5	8.2e-009	NbT2T16g01491	11.93	tp	0
5-AAGAGARAGAGC	STREME-5	8.2e-009	NbT2T06g03092	11.82	tp	0
5-AAGAGARAGAGC	STREME-5	8.2e-009	NbT2T01g00620	11.56	tp	0
