motif_ID	motif_ALT_ID	motif_P-value	seq_ID	seq_Score	seq_Class	is_holdout?
1-AATAAAATAAAA	STREME-1	7.0e-004	NbT2T07g01705	16.59	tp	0
1-AATAAAATAAAA	STREME-1	7.0e-004	NbT2T01g00620	16.59	tp	0
1-AATAAAATAAAA	STREME-1	7.0e-004	NbT2T11g02161	16.59	tp	0
1-AATAAAATAAAA	STREME-1	7.0e-004	NbT2T09g00131	16.59	tp	0
1-AATAAAATAAAA	STREME-1	7.0e-004	NbT2T02g01930	16.59	tp	0
1-AATAAAATAAAA	STREME-1	7.0e-004	NbT2T11g01093	16.59	tp	0
1-AATAAAATAAAA	STREME-1	7.0e-004	NbT2T02g00557	16.59	tp	0
1-AATAAAATAAAA	STREME-1	7.0e-004	NbT2T19g02246	16.59	tp	0
1-AATAAAATAAAA	STREME-1	7.0e-004	NbT2T10g01023	16.59	tp	0
1-AATAAAATAAAA	STREME-1	7.0e-004	NbT2T10g02131	16.59	tp	0
1-AATAAAATAAAA	STREME-1	7.0e-004	NbT2T09g01241	16.59	tp	0
1-AATAAAATAAAA	STREME-1	7.0e-004	NbT2T15g01809	16.59	tp	0
1-AATAAAATAAAA	STREME-1	7.0e-004	NbT2T13g01542	16.59	tp	0
1-AATAAAATAAAA	STREME-1	7.0e-004	NbT2T15g01835	16.59	tp	0
1-AATAAAATAAAA	STREME-1	7.0e-004	NbT2T10g00098	16.59	tp	0
1-AATAAAATAAAA	STREME-1	7.0e-004	NbT2T17g00734	16.59	fp	0
1-AATAAAATAAAA	STREME-1	7.0e-004	NbT2T16g01585	16.59	tp	1
1-AATAAAATAAAA	STREME-1	7.0e-004	NbT2T16g00565	16.59	tp	1
1-AATAAAATAAAA	STREME-1	7.0e-004	NbT2T16g02580	15.29	tp	0
1-AATAAAATAAAA	STREME-1	7.0e-004	NbT2T14g00895	15.29	tp	0
1-AATAAAATAAAA	STREME-1	7.0e-004	NbT2T12g00877	15.29	tp	0
1-AATAAAATAAAA	STREME-1	7.0e-004	NbT2T12g01576	15.29	tp	0
1-AATAAAATAAAA	STREME-1	7.0e-004	NbT2T19g02714	15.29	tp	0
1-AATAAAATAAAA	STREME-1	7.0e-004	NbT2T15g01809	15.29	fp	0
1-AATAAAATAAAA	STREME-1	7.0e-004	NbT2T03g03785	14.84	tp	0
1-AATAAAATAAAA	STREME-1	7.0e-004	NbT2T09g02519	14.84	tp	0
1-AATAAAATAAAA	STREME-1	7.0e-004	NbT2T17g00017	14.84	tp	0
1-AATAAAATAAAA	STREME-1	7.0e-004	NbT2T01g00620	14.84	fp	0
1-AATAAAATAAAA	STREME-1	7.0e-004	NbT2T09g03257	14.58	tp	0
1-AATAAAATAAAA	STREME-1	7.0e-004	NbT2T16g01353	14.58	tp	0
1-AATAAAATAAAA	STREME-1	7.0e-004	NbT2T16g00077	14.41	tp	0
1-AATAAAATAAAA	STREME-1	7.0e-004	NbT2T04g01802	14.41	tp	0
1-AATAAAATAAAA	STREME-1	7.0e-004	NbT2T03g03181	14.41	tp	0
1-AATAAAATAAAA	STREME-1	7.0e-004	NbT2T06g03483	14.41	fp	0
1-AATAAAATAAAA	STREME-1	7.0e-004	NbT2T06g02841	14.38	tp	0
1-AATAAAATAAAA	STREME-1	7.0e-004	NbT2T19g01544	14.38	tp	0
1-AATAAAATAAAA	STREME-1	7.0e-004	NbT2T16g01923	14.38	tp	0
1-AATAAAATAAAA	STREME-1	7.0e-004	NbT2T15g01794	14.38	tp	0
1-AATAAAATAAAA	STREME-1	7.0e-004	NbT2T06g02616	14.38	tp	0
1-AATAAAATAAAA	STREME-1	7.0e-004	NbT2T16g00076	14.38	tp	1
1-AATAAAATAAAA	STREME-1	7.0e-004	NbT2T01g00655	14.20	tp	0
1-AATAAAATAAAA	STREME-1	7.0e-004	NbT2T01g00656	14.20	tp	0
1-AATAAAATAAAA	STREME-1	7.0e-004	NbT2T09g01733	14.20	tp	0
1-AATAAAATAAAA	STREME-1	7.0e-004	NbT2T04g00646	14.20	tp	0
1-AATAAAATAAAA	STREME-1	7.0e-004	NbT2T10g01426	14.20	tp	0
1-AATAAAATAAAA	STREME-1	7.0e-004	NbT2T19g02306	14.20	fp	0
1-AATAAAATAAAA	STREME-1	7.0e-004	NbT2T04g03023	14.01	tp	0
1-AATAAAATAAAA	STREME-1	7.0e-004	NbT2T01g00685	14.01	tp	0
1-AATAAAATAAAA	STREME-1	7.0e-004	NbT2T06g02328	14.01	tp	0
1-AATAAAATAAAA	STREME-1	7.0e-004	NbT2T06g03483	14.01	tp	0
1-AATAAAATAAAA	STREME-1	7.0e-004	NbT2T12g01743	14.01	tp	0
1-AATAAAATAAAA	STREME-1	7.0e-004	NbT2T17g00064	14.01	tp	0
1-AATAAAATAAAA	STREME-1	7.0e-004	NbT2T19g02788	14.01	fp	0
1-AATAAAATAAAA	STREME-1	7.0e-004	NbT2T01g01692	14.01	fp	0
1-AATAAAATAAAA	STREME-1	7.0e-004	NbT2T09g02626	14.01	fp	0
1-AATAAAATAAAA	STREME-1	7.0e-004	NbT2T13g02451	14.01	fp	0
1-AATAAAATAAAA	STREME-1	7.0e-004	NbT2T01g01266	14.01	fp	0
1-AATAAAATAAAA	STREME-1	7.0e-004	NbT2T19g00730	13.48	tp	0
1-AATAAAATAAAA	STREME-1	7.0e-004	NbT2T08g01904	13.48	tp	0
1-AATAAAATAAAA	STREME-1	7.0e-004	NbT2T17g02697	13.48	tp	0
1-AATAAAATAAAA	STREME-1	7.0e-004	NbT2T11g01767	13.48	fp	0
1-AATAAAATAAAA	STREME-1	7.0e-004	NbT2T13g01456	13.38	tp	0
1-AATAAAATAAAA	STREME-1	7.0e-004	NbT2T09g02626	13.38	tp	0
1-AATAAAATAAAA	STREME-1	7.0e-004	NbT2T16g01109	13.38	tp	0
1-AATAAAATAAAA	STREME-1	7.0e-004	NbT2T14g01504	13.38	fp	0
1-AATAAAATAAAA	STREME-1	7.0e-004	NbT2T13g02451	13.27	tp	0
1-AATAAAATAAAA	STREME-1	7.0e-004	NbT2T06g03092	13.25	tp	0
1-AATAAAATAAAA	STREME-1	7.0e-004	NbT2T07g02215	13.25	tp	0
1-AATAAAATAAAA	STREME-1	7.0e-004	NbT2T18g00479	13.25	tp	1
1-AATAAAATAAAA	STREME-1	7.0e-004	NbT2T16g01491	13.15	tp	0
1-AATAAAATAAAA	STREME-1	7.0e-004	NbT2T07g02856	13.15	tp	0
1-AATAAAATAAAA	STREME-1	7.0e-004	NbT2T12g01048	13.15	tp	0
1-AATAAAATAAAA	STREME-1	7.0e-004	NbT2T15g02642	13.15	tp	0
1-AATAAAATAAAA	STREME-1	7.0e-004	NbT2T19g00423	13.15	tp	0
1-AATAAAATAAAA	STREME-1	7.0e-004	NbT2T17g02818	13.08	fp	0
1-AATAAAATAAAA	STREME-1	7.0e-004	NbT2T11g00356	13.07	tp	0
1-AATAAAATAAAA	STREME-1	7.0e-004	NbT2T19g02306	13.07	tp	0
1-AATAAAATAAAA	STREME-1	7.0e-004	NbT2T17g02252	12.88	tp	0
1-AATAAAATAAAA	STREME-1	7.0e-004	NbT2T07g00525	12.88	tp	0
1-AATAAAATAAAA	STREME-1	7.0e-004	NbT2T15g00291	12.88	tp	0
1-AATAAAATAAAA	STREME-1	7.0e-004	NbT2T08g01711	12.88	tp	0
1-AATAAAATAAAA	STREME-1	7.0e-004	NbT2T07g02491	12.88	tp	0
1-AATAAAATAAAA	STREME-1	7.0e-004	NbT2T07g01705	12.88	fp	0
1-AATAAAATAAAA	STREME-1	7.0e-004	NbT2T19g02788	12.88	tp	1
1-AATAAAATAAAA	STREME-1	7.0e-004	NbT2T03g00490	12.84	tp	0
1-AATAAAATAAAA	STREME-1	7.0e-004	NbT2T16g01992	12.84	tp	0
1-AATAAAATAAAA	STREME-1	7.0e-004	NbT2T19g02714	12.84	fp	0
1-AATAAAATAAAA	STREME-1	7.0e-004	NbT2T01g02789	12.78	tp	0
1-AATAAAATAAAA	STREME-1	7.0e-004	NbT2T09g02318	12.71	tp	0
1-AATAAAATAAAA	STREME-1	7.0e-004	NbT2T02g00142	12.63	tp	0
1-AATAAAATAAAA	STREME-1	7.0e-004	NbT2T19g01729	12.63	tp	0
1-AATAAAATAAAA	STREME-1	7.0e-004	NbT2T01g00281	12.40	tp	0
1-AATAAAATAAAA	STREME-1	7.0e-004	NbT2T16g01156	12.40	tp	1
1-AATAAAATAAAA	STREME-1	7.0e-004	NbT2T19g00422	12.40	tp	1
1-AATAAAATAAAA	STREME-1	7.0e-004	NbT2T01g00414	12.37	tp	1
1-AATAAAATAAAA	STREME-1	7.0e-004	NbT2T03g03655	12.27	tp	0
1-AATAAAATAAAA	STREME-1	7.0e-004	NbT2T05g01822	12.20	tp	0
1-AATAAAATAAAA	STREME-1	7.0e-004	NbT2T07g02829	12.20	tp	0
1-AATAAAATAAAA	STREME-1	7.0e-004	NbT2T06g02616	12.20	fp	0
1-AATAAAATAAAA	STREME-1	7.0e-004	NbT2T13g01846	12.20	tp	1
#
2-AGAAGAAGAA	STREME-2	9.7e-004	NbT2T01g00562	16.56	tp	0
2-AGAAGAAGAA	STREME-2	9.7e-004	NbT2T01g01692	16.56	tp	0
2-AGAAGAAGAA	STREME-2	9.7e-004	NbT2T07g01744	16.56	tp	0
2-AGAAGAAGAA	STREME-2	9.7e-004	NbT2T07g01705	16.56	tp	0
2-AGAAGAAGAA	STREME-2	9.7e-004	NbT2T01g01161	16.56	tp	0
2-AGAAGAAGAA	STREME-2	9.7e-004	NbT2T07g01747	16.56	tp	0
2-AGAAGAAGAA	STREME-2	9.7e-004	NbT2T18g00077	16.56	tp	0
2-AGAAGAAGAA	STREME-2	9.7e-004	NbT2T09g00131	16.56	tp	0
2-AGAAGAAGAA	STREME-2	9.7e-004	NbT2T02g02615	16.56	tp	0
2-AGAAGAAGAA	STREME-2	9.7e-004	NbT2T16g02011	16.56	tp	0
2-AGAAGAAGAA	STREME-2	9.7e-004	NbT2T05g00031	16.56	tp	0
2-AGAAGAAGAA	STREME-2	9.7e-004	NbT2T10g00231	16.56	tp	0
2-AGAAGAAGAA	STREME-2	9.7e-004	NbT2T19g02717	16.56	tp	0
2-AGAAGAAGAA	STREME-2	9.7e-004	NbT2T07g02856	16.56	tp	0
2-AGAAGAAGAA	STREME-2	9.7e-004	NbT2T12g00878	16.56	tp	0
2-AGAAGAAGAA	STREME-2	9.7e-004	NbT2T11g02568	16.56	tp	0
2-AGAAGAAGAA	STREME-2	9.7e-004	NbT2T19g01544	16.56	tp	0
2-AGAAGAAGAA	STREME-2	9.7e-004	NbT2T04g01409	16.56	tp	0
2-AGAAGAAGAA	STREME-2	9.7e-004	NbT2T10g01023	16.56	tp	0
2-AGAAGAAGAA	STREME-2	9.7e-004	NbT2T19g01746	16.56	tp	0
2-AGAAGAAGAA	STREME-2	9.7e-004	NbT2T10g02131	16.56	tp	0
2-AGAAGAAGAA	STREME-2	9.7e-004	NbT2T16g00912	16.56	tp	0
2-AGAAGAAGAA	STREME-2	9.7e-004	NbT2T17g01182	16.56	tp	0
2-AGAAGAAGAA	STREME-2	9.7e-004	NbT2T17g02818	16.56	tp	0
2-AGAAGAAGAA	STREME-2	9.7e-004	NbT2T01g01266	16.56	tp	0
2-AGAAGAAGAA	STREME-2	9.7e-004	NbT2T13g01542	16.56	tp	0
2-AGAAGAAGAA	STREME-2	9.7e-004	NbT2T08g02609	16.56	tp	0
2-AGAAGAAGAA	STREME-2	9.7e-004	NbT2T03g00024	16.56	tp	0
2-AGAAGAAGAA	STREME-2	9.7e-004	NbT2T03g02126	16.56	fp	0
2-AGAAGAAGAA	STREME-2	9.7e-004	NbT2T15g01603	16.56	fp	0
2-AGAAGAAGAA	STREME-2	9.7e-004	NbT2T07g02943	16.56	fp	0
2-AGAAGAAGAA	STREME-2	9.7e-004	NbT2T07g02512	16.56	fp	0
2-AGAAGAAGAA	STREME-2	9.7e-004	NbT2T09g01731	16.56	tp	1
2-AGAAGAAGAA	STREME-2	9.7e-004	NbT2T04g01772	15.00	tp	0
2-AGAAGAAGAA	STREME-2	9.7e-004	NbT2T03g01046	15.00	tp	0
2-AGAAGAAGAA	STREME-2	9.7e-004	NbT2T07g02552	15.00	tp	0
2-AGAAGAAGAA	STREME-2	9.7e-004	NbT2T06g02328	15.00	tp	0
2-AGAAGAAGAA	STREME-2	9.7e-004	NbT2T09g02519	15.00	tp	0
2-AGAAGAAGAA	STREME-2	9.7e-004	NbT2T13g00961	15.00	tp	0
2-AGAAGAAGAA	STREME-2	9.7e-004	NbT2T17g02695	15.00	tp	0
2-AGAAGAAGAA	STREME-2	9.7e-004	NbT2T13g01846	15.00	tp	1
2-AGAAGAAGAA	STREME-2	9.7e-004	NbT2T08g01553	15.00	fp	1
2-AGAAGAAGAA	STREME-2	9.7e-004	NbT2T18g02379	15.00	fp	1
2-AGAAGAAGAA	STREME-2	9.7e-004	NbT2T04g03023	14.76	tp	0
2-AGAAGAAGAA	STREME-2	9.7e-004	NbT2T06g03092	14.76	tp	0
2-AGAAGAAGAA	STREME-2	9.7e-004	NbT2T16g00269	14.76	tp	0
2-AGAAGAAGAA	STREME-2	9.7e-004	NbT2T03g02868	13.90	tp	0
2-AGAAGAAGAA	STREME-2	9.7e-004	NbT2T18g02379	13.90	tp	0
2-AGAAGAAGAA	STREME-2	9.7e-004	NbT2T14g00101	13.90	tp	0
2-AGAAGAAGAA	STREME-2	9.7e-004	NbT2T01g00468	13.90	tp	0
2-AGAAGAAGAA	STREME-2	9.7e-004	NbT2T03g02085	13.90	tp	0
2-AGAAGAAGAA	STREME-2	9.7e-004	NbT2T02g00557	13.90	tp	0
2-AGAAGAAGAA	STREME-2	9.7e-004	NbT2T12g00039	13.90	tp	0
2-AGAAGAAGAA	STREME-2	9.7e-004	NbT2T12g01048	13.90	tp	0
2-AGAAGAAGAA	STREME-2	9.7e-004	NbT2T12g01743	13.90	tp	0
2-AGAAGAAGAA	STREME-2	9.7e-004	NbT2T15g01809	13.90	tp	0
2-AGAAGAAGAA	STREME-2	9.7e-004	NbT2T15g02642	13.90	tp	0
2-AGAAGAAGAA	STREME-2	9.7e-004	NbT2T16g01353	13.90	tp	0
2-AGAAGAAGAA	STREME-2	9.7e-004	NbT2T18g02241	13.90	fp	0
2-AGAAGAAGAA	STREME-2	9.7e-004	NbT2T19g00730	13.90	fp	0
2-AGAAGAAGAA	STREME-2	9.7e-004	NbT2T16g00565	13.90	tp	1
2-AGAAGAAGAA	STREME-2	9.7e-004	NbT2T02g00611	13.87	tp	0
2-AGAAGAAGAA	STREME-2	9.7e-004	NbT2T19g01729	13.87	tp	0
2-AGAAGAAGAA	STREME-2	9.7e-004	NbT2T06g00232	13.87	tp	0
2-AGAAGAAGAA	STREME-2	9.7e-004	NbT2T04g00730	13.87	tp	0
2-AGAAGAAGAA	STREME-2	9.7e-004	NbT2T07g02856	13.51	fp	0
2-AGAAGAAGAA	STREME-2	9.7e-004	NbT2T11g00664	13.51	fp	0
2-AGAAGAAGAA	STREME-2	9.7e-004	NbT2T07g02944	13.42	tp	0
2-AGAAGAAGAA	STREME-2	9.7e-004	NbT2T07g02984	13.42	tp	0
2-AGAAGAAGAA	STREME-2	9.7e-004	NbT2T01g03190	13.42	tp	0
2-AGAAGAAGAA	STREME-2	9.7e-004	NbT2T15g01603	13.42	tp	1
2-AGAAGAAGAA	STREME-2	9.7e-004	NbT2T18g00479	13.42	tp	1
2-AGAAGAAGAA	STREME-2	9.7e-004	NbT2T18g00606	12.95	tp	0
2-AGAAGAAGAA	STREME-2	9.7e-004	NbT2T07g02944	12.95	fp	0
2-AGAAGAAGAA	STREME-2	9.7e-004	NbT2T12g00411	12.73	tp	0
2-AGAAGAAGAA	STREME-2	9.7e-004	NbT2T01g00521	12.73	tp	0
2-AGAAGAAGAA	STREME-2	9.7e-004	NbT2T14g01276	12.73	tp	0
2-AGAAGAAGAA	STREME-2	9.7e-004	NbT2T03g03638	12.73	tp	0
2-AGAAGAAGAA	STREME-2	9.7e-004	NbT2T11g02161	12.73	tp	0
2-AGAAGAAGAA	STREME-2	9.7e-004	NbT2T11g02230	12.73	tp	0
2-AGAAGAAGAA	STREME-2	9.7e-004	NbT2T07g02801	12.73	tp	0
2-AGAAGAAGAA	STREME-2	9.7e-004	NbT2T18g00694	12.73	tp	0
2-AGAAGAAGAA	STREME-2	9.7e-004	NbT2T16g01491	12.73	tp	0
2-AGAAGAAGAA	STREME-2	9.7e-004	NbT2T11g00356	12.73	tp	0
2-AGAAGAAGAA	STREME-2	9.7e-004	NbT2T19g02716	12.73	tp	0
2-AGAAGAAGAA	STREME-2	9.7e-004	NbT2T01g01672	12.73	tp	0
2-AGAAGAAGAA	STREME-2	9.7e-004	NbT2T03g03655	12.73	tp	0
2-AGAAGAAGAA	STREME-2	9.7e-004	NbT2T19g00423	12.73	tp	0
2-AGAAGAAGAA	STREME-2	9.7e-004	NbT2T08g01785	12.73	tp	0
2-AGAAGAAGAA	STREME-2	9.7e-004	NbT2T03g00024	12.73	fp	0
2-AGAAGAAGAA	STREME-2	9.7e-004	NbT2T01g00940	12.73	fp	0
2-AGAAGAAGAA	STREME-2	9.7e-004	NbT2T07g00990	12.73	tp	1
2-AGAAGAAGAA	STREME-2	9.7e-004	NbT2T17g00734	12.73	tp	1
2-AGAAGAAGAA	STREME-2	9.7e-004	NbT2T13g01456	12.73	fp	1
2-AGAAGAAGAA	STREME-2	9.7e-004	NbT2T06g02328	12.73	fp	1
2-AGAAGAAGAA	STREME-2	9.7e-004	NbT2T02g01928	12.44	tp	0
2-AGAAGAAGAA	STREME-2	9.7e-004	NbT2T05g01867	12.44	tp	0
2-AGAAGAAGAA	STREME-2	9.7e-004	NbT2T19g02246	12.44	tp	0
2-AGAAGAAGAA	STREME-2	9.7e-004	NbT2T17g02697	12.44	tp	0
2-AGAAGAAGAA	STREME-2	9.7e-004	NbT2T12g00877	12.44	fp	0
2-AGAAGAAGAA	STREME-2	9.7e-004	NbT2T01g00067	12.44	fp	0
2-AGAAGAAGAA	STREME-2	9.7e-004	NbT2T01g00656	12.34	tp	0
2-AGAAGAAGAA	STREME-2	9.7e-004	NbT2T07g00525	12.34	tp	0
2-AGAAGAAGAA	STREME-2	9.7e-004	NbT2T01g00685	12.34	tp	0
2-AGAAGAAGAA	STREME-2	9.7e-004	NbT2T08g01556	12.34	tp	0
2-AGAAGAAGAA	STREME-2	9.7e-004	NbT2T01g02463	12.34	tp	1
2-AGAAGAAGAA	STREME-2	9.7e-004	NbT2T07g02491	12.18	tp	0
2-AGAAGAAGAA	STREME-2	9.7e-004	NbT2T01g00335	12.18	tp	0
2-AGAAGAAGAA	STREME-2	9.7e-004	NbT2T05g00273	12.15	tp	0
2-AGAAGAAGAA	STREME-2	9.7e-004	NbT2T03g03785	12.15	tp	0
2-AGAAGAAGAA	STREME-2	9.7e-004	NbT2T19g02793	12.15	tp	0
2-AGAAGAAGAA	STREME-2	9.7e-004	NbT2T10g03043	12.15	fp	0
2-AGAAGAAGAA	STREME-2	9.7e-004	NbT2T18g00077	12.15	fp	0
2-AGAAGAAGAA	STREME-2	9.7e-004	NbT2T16g01109	11.95	tp	0
2-AGAAGAAGAA	STREME-2	9.7e-004	NbT2T19g02788	11.95	tp	1
2-AGAAGAAGAA	STREME-2	9.7e-004	NbT2T12g00877	11.87	tp	0
2-AGAAGAAGAA	STREME-2	9.7e-004	NbT2T13g02451	11.87	tp	0
2-AGAAGAAGAA	STREME-2	9.7e-004	NbT2T01g01225	11.87	tp	0
2-AGAAGAAGAA	STREME-2	9.7e-004	NbT2T11g00069	11.87	tp	0
2-AGAAGAAGAA	STREME-2	9.7e-004	NbT2T10g01426	11.87	tp	0
2-AGAAGAAGAA	STREME-2	9.7e-004	NbT2T09g01886	11.87	tp	0
2-AGAAGAAGAA	STREME-2	9.7e-004	NbT2T12g01048	11.87	fp	0
2-AGAAGAAGAA	STREME-2	9.7e-004	NbT2T13g01366	11.87	fp	0
2-AGAAGAAGAA	STREME-2	9.7e-004	NbT2T17g00064	11.87	fp	0
2-AGAAGAAGAA	STREME-2	9.7e-004	NbT2T16g01585	11.87	tp	1
2-AGAAGAAGAA	STREME-2	9.7e-004	NbT2T09g03257	11.71	tp	0
2-AGAAGAAGAA	STREME-2	9.7e-004	NbT2T06g02841	11.63	tp	0
2-AGAAGAAGAA	STREME-2	9.7e-004	NbT2T06g00139	11.63	tp	0
2-AGAAGAAGAA	STREME-2	9.7e-004	NbT2T05g00031	11.63	fp	0
2-AGAAGAAGAA	STREME-2	9.7e-004	NbT2T16g01156	11.63	tp	1
2-AGAAGAAGAA	STREME-2	9.7e-004	NbT2T01g00620	11.60	tp	0
2-AGAAGAAGAA	STREME-2	9.7e-004	NbT2T14g00895	11.60	tp	0
2-AGAAGAAGAA	STREME-2	9.7e-004	NbT2T02g01930	11.60	tp	0
2-AGAAGAAGAA	STREME-2	9.7e-004	NbT2T16g02580	11.60	fp	0
2-AGAAGAAGAA	STREME-2	9.7e-004	NbT2T01g03158	11.60	tp	1
2-AGAAGAAGAA	STREME-2	9.7e-004	NbT2T15g01794	11.40	tp	0
2-AGAAGAAGAA	STREME-2	9.7e-004	NbT2T01g02292	11.40	tp	0
2-AGAAGAAGAA	STREME-2	9.7e-004	NbT2T08g00946	11.40	fp	0
2-AGAAGAAGAA	STREME-2	9.7e-004	NbT2T15g01612	11.40	tp	1
2-AGAAGAAGAA	STREME-2	9.7e-004	NbT2T11g02161	11.25	fp	0
2-AGAAGAAGAA	STREME-2	9.7e-004	NbT2T07g02512	11.17	tp	0
2-AGAAGAAGAA	STREME-2	9.7e-004	NbT2T10g01002	11.17	tp	0
2-AGAAGAAGAA	STREME-2	9.7e-004	NbT2T01g00940	11.17	tp	0
2-AGAAGAAGAA	STREME-2	9.7e-004	NbT2T03g00061	11.17	tp	0
2-AGAAGAAGAA	STREME-2	9.7e-004	NbT2T03g01046	11.17	fp	0
2-AGAAGAAGAA	STREME-2	9.7e-004	NbT2T11g02230	11.17	fp	0
2-AGAAGAAGAA	STREME-2	9.7e-004	NbT2T04g01215	11.17	fp	0
2-AGAAGAAGAA	STREME-2	9.7e-004	NbT2T02g02615	11.17	fp	0
2-AGAAGAAGAA	STREME-2	9.7e-004	NbT2T13g01366	11.06	tp	0
2-AGAAGAAGAA	STREME-2	9.7e-004	NbT2T04g02694	11.06	tp	0
2-AGAAGAAGAA	STREME-2	9.7e-004	NbT2T01g00655	11.06	tp	0
2-AGAAGAAGAA	STREME-2	9.7e-004	NbT2T01g00664	11.06	tp	0
2-AGAAGAAGAA	STREME-2	9.7e-004	NbT2T05g01822	11.06	tp	0
2-AGAAGAAGAA	STREME-2	9.7e-004	NbT2T17g00062	11.06	tp	0
2-AGAAGAAGAA	STREME-2	9.7e-004	NbT2T04g02932	11.06	tp	0
2-AGAAGAAGAA	STREME-2	9.7e-004	NbT2T17g00017	11.06	tp	0
2-AGAAGAAGAA	STREME-2	9.7e-004	NbT2T12g01576	11.06	tp	0
2-AGAAGAAGAA	STREME-2	9.7e-004	NbT2T10g02835	11.06	tp	0
2-AGAAGAAGAA	STREME-2	9.7e-004	NbT2T09g02318	11.06	fp	0
2-AGAAGAAGAA	STREME-2	9.7e-004	NbT2T01g01161	11.06	fp	0
2-AGAAGAAGAA	STREME-2	9.7e-004	NbT2T09g01733	11.06	fp	0
2-AGAAGAAGAA	STREME-2	9.7e-004	NbT2T01g02687	11.06	tp	1
2-AGAAGAAGAA	STREME-2	9.7e-004	NbT2T18g01044	11.06	tp	1
#
3-CCTCCCCAGACCC	STREME-3	4.5e-003	NbT2T02g01928	24.38	tp	0
3-CCTCCCCAGACCC	STREME-3	4.5e-003	NbT2T07g00489	24.38	tp	0
3-CCTCCCCAGACCC	STREME-3	4.5e-003	NbT2T10g01640	24.38	tp	0
3-CCTCCCCAGACCC	STREME-3	4.5e-003	NbT2T15g00291	24.38	tp	0
3-CCTCCCCAGACCC	STREME-3	4.5e-003	NbT2T19g02716	24.38	tp	0
3-CCTCCCCAGACCC	STREME-3	4.5e-003	NbT2T06g00810	24.38	tp	0
3-CCTCCCCAGACCC	STREME-3	4.5e-003	NbT2T13g02451	24.38	tp	0
3-CCTCCCCAGACCC	STREME-3	4.5e-003	NbT2T10g02131	24.38	tp	0
3-CCTCCCCAGACCC	STREME-3	4.5e-003	NbT2T04g00646	24.38	tp	0
3-CCTCCCCAGACCC	STREME-3	4.5e-003	NbT2T19g02714	24.38	tp	0
3-CCTCCCCAGACCC	STREME-3	4.5e-003	NbT2T10g01426	24.38	tp	0
3-CCTCCCCAGACCC	STREME-3	4.5e-003	NbT2T18g00479	24.38	tp	1
3-CCTCCCCAGACCC	STREME-3	4.5e-003	NbT2T03g02940	22.83	tp	0
3-CCTCCCCAGACCC	STREME-3	4.5e-003	NbT2T01g00067	22.83	tp	0
3-CCTCCCCAGACCC	STREME-3	4.5e-003	NbT2T08g01556	22.83	tp	0
3-CCTCCCCAGACCC	STREME-3	4.5e-003	NbT2T16g01109	22.83	tp	0
3-CCTCCCCAGACCC	STREME-3	4.5e-003	NbT2T18g01341	22.83	tp	1
3-CCTCCCCAGACCC	STREME-3	4.5e-003	NbT2T07g02512	22.05	tp	0
3-CCTCCCCAGACCC	STREME-3	4.5e-003	NbT2T09g02519	22.05	tp	0
3-CCTCCCCAGACCC	STREME-3	4.5e-003	NbT2T18g00606	21.74	tp	0
3-CCTCCCCAGACCC	STREME-3	4.5e-003	NbT2T12g00411	21.61	tp	0
3-CCTCCCCAGACCC	STREME-3	4.5e-003	NbT2T04g03023	21.59	tp	0
3-CCTCCCCAGACCC	STREME-3	4.5e-003	NbT2T17g02252	21.22	tp	0
3-CCTCCCCAGACCC	STREME-3	4.5e-003	NbT2T10g01030	21.06	tp	0
3-CCTCCCCAGACCC	STREME-3	4.5e-003	NbT2T16g00269	21.06	tp	0
3-CCTCCCCAGACCC	STREME-3	4.5e-003	NbT2T10g03043	20.57	tp	0
3-CCTCCCCAGACCC	STREME-3	4.5e-003	NbT2T14g01276	20.13	tp	0
3-CCTCCCCAGACCC	STREME-3	4.5e-003	NbT2T11g01093	20.13	tp	0
3-CCTCCCCAGACCC	STREME-3	4.5e-003	NbT2T03g03181	20.13	tp	0
3-CCTCCCCAGACCC	STREME-3	4.5e-003	NbT2T05g00031	20.08	tp	0
3-CCTCCCCAGACCC	STREME-3	4.5e-003	NbT2T10g00231	20.02	tp	0
3-CCTCCCCAGACCC	STREME-3	4.5e-003	NbT2T19g01729	19.97	tp	0
3-CCTCCCCAGACCC	STREME-3	4.5e-003	NbT2T05g01822	19.69	tp	0
3-CCTCCCCAGACCC	STREME-3	4.5e-003	NbT2T11g00356	19.69	tp	0
3-CCTCCCCAGACCC	STREME-3	4.5e-003	NbT2T06g02616	19.44	tp	0
3-CCTCCCCAGACCC	STREME-3	4.5e-003	NbT2T19g01610	19.44	tp	0
3-CCTCCCCAGACCC	STREME-3	4.5e-003	NbT2T04g02932	19.36	tp	0
3-CCTCCCCAGACCC	STREME-3	4.5e-003	NbT2T03g01542	19.36	tp	0
3-CCTCCCCAGACCC	STREME-3	4.5e-003	NbT2T08g02766	19.36	tp	0
3-CCTCCCCAGACCC	STREME-3	4.5e-003	NbT2T10g00098	19.36	tp	0
3-CCTCCCCAGACCC	STREME-3	4.5e-003	NbT2T15g02642	19.25	tp	0
3-CCTCCCCAGACCC	STREME-3	4.5e-003	NbT2T17g02695	18.59	fp	0
3-CCTCCCCAGACCC	STREME-3	4.5e-003	NbT2T13g01846	18.57	tp	1
3-CCTCCCCAGACCC	STREME-3	4.5e-003	NbT2T15g00899	18.46	tp	0
3-CCTCCCCAGACCC	STREME-3	4.5e-003	NbT2T16g00565	18.39	tp	1
3-CCTCCCCAGACCC	STREME-3	4.5e-003	NbT2T07g02215	18.34	tp	0
3-CCTCCCCAGACCC	STREME-3	4.5e-003	NbT2T18g00077	18.31	tp	0
3-CCTCCCCAGACCC	STREME-3	4.5e-003	NbT2T16g00565	18.31	fp	0
3-CCTCCCCAGACCC	STREME-3	4.5e-003	NbT2T17g00017	18.21	tp	0
3-CCTCCCCAGACCC	STREME-3	4.5e-003	NbT2T10g02424	18.21	tp	0
3-CCTCCCCAGACCC	STREME-3	4.5e-003	NbT2T19g00730	17.99	tp	0
3-CCTCCCCAGACCC	STREME-3	4.5e-003	NbT2T08g01785	17.92	tp	0
3-CCTCCCCAGACCC	STREME-3	4.5e-003	NbT2T01g01161	17.92	tp	0
3-CCTCCCCAGACCC	STREME-3	4.5e-003	NbT2T07g02944	17.80	tp	0
3-CCTCCCCAGACCC	STREME-3	4.5e-003	NbT2T06g02841	17.64	tp	0
3-CCTCCCCAGACCC	STREME-3	4.5e-003	NbT2T18g00694	17.46	tp	0
3-CCTCCCCAGACCC	STREME-3	4.5e-003	NbT2T13g01366	17.42	tp	0
3-CCTCCCCAGACCC	STREME-3	4.5e-003	NbT2T04g02554	17.37	tp	0
3-CCTCCCCAGACCC	STREME-3	4.5e-003	NbT2T18g00028	17.25	tp	0
3-CCTCCCCAGACCC	STREME-3	4.5e-003	NbT2T03g02085	17.21	tp	0
3-CCTCCCCAGACCC	STREME-3	4.5e-003	NbT2T08g01711	17.12	tp	0
3-CCTCCCCAGACCC	STREME-3	4.5e-003	NbT2T07g02545	17.05	tp	0
3-CCTCCCCAGACCC	STREME-3	4.5e-003	NbT2T04g03472	16.66	tp	0
3-CCTCCCCAGACCC	STREME-3	4.5e-003	NbT2T08g00946	16.44	tp	0
3-CCTCCCCAGACCC	STREME-3	4.5e-003	NbT2T14g00101	16.36	tp	0
3-CCTCCCCAGACCC	STREME-3	4.5e-003	NbT2T03g02085	16.23	fp	0
3-CCTCCCCAGACCC	STREME-3	4.5e-003	NbT2T08g01461	16.16	tp	0
3-CCTCCCCAGACCC	STREME-3	4.5e-003	NbT2T16g02011	15.90	tp	0
3-CCTCCCCAGACCC	STREME-3	4.5e-003	NbT2T11g00069	15.76	tp	0
3-CCTCCCCAGACCC	STREME-3	4.5e-003	NbT2T01g02292	15.44	tp	0
3-CCTCCCCAGACCC	STREME-3	4.5e-003	NbT2T01g01692	15.23	tp	0
3-CCTCCCCAGACCC	STREME-3	4.5e-003	NbT2T06g00139	15.18	tp	0
3-CCTCCCCAGACCC	STREME-3	4.5e-003	NbT2T11g01767	15.05	tp	0
3-CCTCCCCAGACCC	STREME-3	4.5e-003	NbT2T12g00039	14.95	tp	0
3-CCTCCCCAGACCC	STREME-3	4.5e-003	NbT2T19g02793	14.88	tp	0
3-CCTCCCCAGACCC	STREME-3	4.5e-003	NbT2T03g03638	14.87	tp	0
3-CCTCCCCAGACCC	STREME-3	4.5e-003	NbT2T15g01487	14.87	tp	0
3-CCTCCCCAGACCC	STREME-3	4.5e-003	NbT2T06g03483	14.85	tp	0
3-CCTCCCCAGACCC	STREME-3	4.5e-003	NbT2T08g01904	14.74	tp	0
3-CCTCCCCAGACCC	STREME-3	4.5e-003	NbT2T19g00423	14.38	tp	0
3-CCTCCCCAGACCC	STREME-3	4.5e-003	NbT2T04g02558	14.27	tp	0
3-CCTCCCCAGACCC	STREME-3	4.5e-003	NbT2T17g00017	14.16	fp	0
3-CCTCCCCAGACCC	STREME-3	4.5e-003	NbT2T02g02196	13.91	tp	1
3-CCTCCCCAGACCC	STREME-3	4.5e-003	NbT2T01g00656	13.84	tp	0
3-CCTCCCCAGACCC	STREME-3	4.5e-003	NbT2T14g00237	13.70	tp	0
3-CCTCCCCAGACCC	STREME-3	4.5e-003	NbT2T09g02170	13.70	tp	0
3-CCTCCCCAGACCC	STREME-3	4.5e-003	NbT2T07g02552	13.50	tp	0
3-CCTCCCCAGACCC	STREME-3	4.5e-003	NbT2T16g00076	13.33	tp	1
3-CCTCCCCAGACCC	STREME-3	4.5e-003	NbT2T05g01822	13.28	fp	0
3-CCTCCCCAGACCC	STREME-3	4.5e-003	NbT2T19g02723	13.11	tp	0
3-CCTCCCCAGACCC	STREME-3	4.5e-003	NbT2T03g03655	12.96	tp	0
3-CCTCCCCAGACCC	STREME-3	4.5e-003	NbT2T01g02687	12.70	tp	1
3-CCTCCCCAGACCC	STREME-3	4.5e-003	NbT2T02g00001	12.59	tp	0
3-CCTCCCCAGACCC	STREME-3	4.5e-003	NbT2T01g00940	12.59	tp	0
#
4-AAGAGARARAGAGAG	STREME-4	4.7e-003	NbT2T08g02765	22.19	tp	0
4-AAGAGARARAGAGAG	STREME-4	4.7e-003	NbT2T09g02519	22.19	tp	0
4-AAGAGARARAGAGAG	STREME-4	4.7e-003	NbT2T12g01048	22.19	tp	0
4-AAGAGARARAGAGAG	STREME-4	4.7e-003	NbT2T19g00423	22.19	tp	0
4-AAGAGARARAGAGAG	STREME-4	4.7e-003	NbT2T02g00611	21.22	tp	0
4-AAGAGARARAGAGAG	STREME-4	4.7e-003	NbT2T07g02552	20.87	tp	0
4-AAGAGARARAGAGAG	STREME-4	4.7e-003	NbT2T03g02868	20.63	tp	0
4-AAGAGARARAGAGAG	STREME-4	4.7e-003	NbT2T02g00142	20.63	tp	0
4-AAGAGARARAGAGAG	STREME-4	4.7e-003	NbT2T19g02714	20.24	tp	0
4-AAGAGARARAGAGAG	STREME-4	4.7e-003	NbT2T12g01743	19.81	tp	0
4-AAGAGARARAGAGAG	STREME-4	4.7e-003	NbT2T14g00895	19.30	tp	0
4-AAGAGARARAGAGAG	STREME-4	4.7e-003	NbT2T01g00562	19.18	tp	0
4-AAGAGARARAGAGAG	STREME-4	4.7e-003	NbT2T19g01746	19.18	tp	0
4-AAGAGARARAGAGAG	STREME-4	4.7e-003	NbT2T01g00562	19.18	fp	0
4-AAGAGARARAGAGAG	STREME-4	4.7e-003	NbT2T16g00077	19.08	tp	0
4-AAGAGARARAGAGAG	STREME-4	4.7e-003	NbT2T06g02012	18.85	tp	0
4-AAGAGARARAGAGAG	STREME-4	4.7e-003	NbT2T07g01744	18.72	tp	0
4-AAGAGARARAGAGAG	STREME-4	4.7e-003	NbT2T07g01747	18.72	tp	0
4-AAGAGARARAGAGAG	STREME-4	4.7e-003	NbT2T04g02932	18.72	tp	0
4-AAGAGARARAGAGAG	STREME-4	4.7e-003	NbT2T11g02161	18.12	tp	0
4-AAGAGARARAGAGAG	STREME-4	4.7e-003	NbT2T18g00479	18.12	tp	1
4-AAGAGARARAGAGAG	STREME-4	4.7e-003	NbT2T03g03655	17.72	tp	0
4-AAGAGARARAGAGAG	STREME-4	4.7e-003	NbT2T03g02085	17.29	tp	0
4-AAGAGARARAGAGAG	STREME-4	4.7e-003	NbT2T07g02944	17.11	tp	0
4-AAGAGARARAGAGAG	STREME-4	4.7e-003	NbT2T15g01835	17.11	tp	0
4-AAGAGARARAGAGAG	STREME-4	4.7e-003	NbT2T01g01161	17.05	tp	0
4-AAGAGARARAGAGAG	STREME-4	4.7e-003	NbT2T15g01487	16.94	tp	0
4-AAGAGARARAGAGAG	STREME-4	4.7e-003	NbT2T04g01215	16.92	tp	0
4-AAGAGARARAGAGAG	STREME-4	4.7e-003	NbT2T08g01556	16.73	tp	0
4-AAGAGARARAGAGAG	STREME-4	4.7e-003	NbT2T06g00139	16.66	tp	0
4-AAGAGARARAGAGAG	STREME-4	4.7e-003	NbT2T05g01867	16.66	tp	0
4-AAGAGARARAGAGAG	STREME-4	4.7e-003	NbT2T17g02818	16.66	tp	0
4-AAGAGARARAGAGAG	STREME-4	4.7e-003	NbT2T01g00414	16.52	tp	1
4-AAGAGARARAGAGAG	STREME-4	4.7e-003	NbT2T03g03638	16.40	tp	0
4-AAGAGARARAGAGAG	STREME-4	4.7e-003	NbT2T16g01109	16.34	tp	0
4-AAGAGARARAGAGAG	STREME-4	4.7e-003	NbT2T17g00734	16.29	fp	0
4-AAGAGARARAGAGAG	STREME-4	4.7e-003	NbT2T17g00062	16.28	tp	0
4-AAGAGARARAGAGAG	STREME-4	4.7e-003	NbT2T08g01785	16.27	tp	0
4-AAGAGARARAGAGAG	STREME-4	4.7e-003	NbT2T05g00273	16.26	tp	0
4-AAGAGARARAGAGAG	STREME-4	4.7e-003	NbT2T17g02695	16.14	tp	0
4-AAGAGARARAGAGAG	STREME-4	4.7e-003	NbT2T07g02545	16.13	tp	0
4-AAGAGARARAGAGAG	STREME-4	4.7e-003	NbT2T17g00064	15.91	tp	0
4-AAGAGARARAGAGAG	STREME-4	4.7e-003	NbT2T10g02835	15.90	tp	0
4-AAGAGARARAGAGAG	STREME-4	4.7e-003	NbT2T04g01409	15.87	fp	0
4-AAGAGARARAGAGAG	STREME-4	4.7e-003	NbT2T06g03092	15.85	tp	0
4-AAGAGARARAGAGAG	STREME-4	4.7e-003	NbT2T13g01456	15.85	tp	0
4-AAGAGARARAGAGAG	STREME-4	4.7e-003	NbT2T09g02626	15.85	tp	0
4-AAGAGARARAGAGAG	STREME-4	4.7e-003	NbT2T01g00657	15.85	tp	0
4-AAGAGARARAGAGAG	STREME-4	4.7e-003	NbT2T04g00730	15.85	tp	0
4-AAGAGARARAGAGAG	STREME-4	4.7e-003	NbT2T09g01886	15.85	tp	0
4-AAGAGARARAGAGAG	STREME-4	4.7e-003	NbT2T18g02379	15.78	tp	0
4-AAGAGARARAGAGAG	STREME-4	4.7e-003	NbT2T02g02196	15.72	tp	1
4-AAGAGARARAGAGAG	STREME-4	4.7e-003	NbT2T01g02463	15.60	fp	0
4-AAGAGARARAGAGAG	STREME-4	4.7e-003	NbT2T04g03472	15.49	tp	0
4-AAGAGARARAGAGAG	STREME-4	4.7e-003	NbT2T06g03483	15.47	tp	0
4-AAGAGARARAGAGAG	STREME-4	4.7e-003	NbT2T17g01182	15.37	tp	0
4-AAGAGARARAGAGAG	STREME-4	4.7e-003	NbT2T03g00490	15.32	tp	0
4-AAGAGARARAGAGAG	STREME-4	4.7e-003	NbT2T01g00656	15.31	tp	0
4-AAGAGARARAGAGAG	STREME-4	4.7e-003	NbT2T19g00422	15.28	tp	1
4-AAGAGARARAGAGAG	STREME-4	4.7e-003	NbT2T15g01603	15.16	tp	1
4-AAGAGARARAGAGAG	STREME-4	4.7e-003	NbT2T09g00131	15.14	tp	0
4-AAGAGARARAGAGAG	STREME-4	4.7e-003	NbT2T07g02215	15.09	tp	0
4-AAGAGARARAGAGAG	STREME-4	4.7e-003	NbT2T04g01772	14.88	tp	0
4-AAGAGARARAGAGAG	STREME-4	4.7e-003	NbT2T03g00024	14.85	tp	0
4-AAGAGARARAGAGAG	STREME-4	4.7e-003	NbT2T17g02697	14.84	tp	0
4-AAGAGARARAGAGAG	STREME-4	4.7e-003	NbT2T18g00077	14.81	tp	0
4-AAGAGARARAGAGAG	STREME-4	4.7e-003	NbT2T08g01904	14.79	tp	0
4-AAGAGARARAGAGAG	STREME-4	4.7e-003	NbT2T03g01542	14.59	tp	0
4-AAGAGARARAGAGAG	STREME-4	4.7e-003	NbT2T05g00175	14.46	tp	0
4-AAGAGARARAGAGAG	STREME-4	4.7e-003	NbT2T18g00028	14.44	tp	0
4-AAGAGARARAGAGAG	STREME-4	4.7e-003	NbT2T16g00912	14.43	tp	0
4-AAGAGARARAGAGAG	STREME-4	4.7e-003	NbT2T12g00877	14.40	tp	0
4-AAGAGARARAGAGAG	STREME-4	4.7e-003	NbT2T04g02694	14.36	tp	0
4-AAGAGARARAGAGAG	STREME-4	4.7e-003	NbT2T17g00734	14.35	tp	1
4-AAGAGARARAGAGAG	STREME-4	4.7e-003	NbT2T04g03023	14.33	tp	0
4-AAGAGARARAGAGAG	STREME-4	4.7e-003	NbT2T03g03181	14.32	tp	0
4-AAGAGARARAGAGAG	STREME-4	4.7e-003	NbT2T01g00940	14.30	tp	0
4-AAGAGARARAGAGAG	STREME-4	4.7e-003	NbT2T08g02609	14.08	tp	0
4-AAGAGARARAGAGAG	STREME-4	4.7e-003	NbT2T17g02422	13.97	tp	0
4-AAGAGARARAGAGAG	STREME-4	4.7e-003	NbT2T03g02868	13.94	fp	0
4-AAGAGARARAGAGAG	STREME-4	4.7e-003	NbT2T12g01743	13.83	fp	0
4-AAGAGARARAGAGAG	STREME-4	4.7e-003	NbT2T01g03158	13.77	tp	1
4-AAGAGARARAGAGAG	STREME-4	4.7e-003	NbT2T12g00039	13.76	fp	0
4-AAGAGARARAGAGAG	STREME-4	4.7e-003	NbT2T01g00281	13.74	tp	0
4-AAGAGARARAGAGAG	STREME-4	4.7e-003	NbT2T02g00557	13.73	tp	0
4-AAGAGARARAGAGAG	STREME-4	4.7e-003	NbT2T03g03785	13.68	tp	0
4-AAGAGARARAGAGAG	STREME-4	4.7e-003	NbT2T11g01767	13.67	tp	0
4-AAGAGARARAGAGAG	STREME-4	4.7e-003	NbT2T11g02568	13.65	tp	0
4-AAGAGARARAGAGAG	STREME-4	4.7e-003	NbT2T01g00067	13.63	tp	0
4-AAGAGARARAGAGAG	STREME-4	4.7e-003	NbT2T01g00335	13.57	tp	0
4-AAGAGARARAGAGAG	STREME-4	4.7e-003	NbT2T02g02105	13.50	tp	0
4-AAGAGARARAGAGAG	STREME-4	4.7e-003	NbT2T07g02491	13.47	tp	0
4-AAGAGARARAGAGAG	STREME-4	4.7e-003	NbT2T10g03043	13.44	tp	0
4-AAGAGARARAGAGAG	STREME-4	4.7e-003	NbT2T01g01225	13.38	tp	0
4-AAGAGARARAGAGAG	STREME-4	4.7e-003	NbT2T13g01366	13.37	fp	0
4-AAGAGARARAGAGAG	STREME-4	4.7e-003	NbT2T13g01366	13.30	tp	0
4-AAGAGARARAGAGAG	STREME-4	4.7e-003	NbT2T04g00646	13.30	tp	0
4-AAGAGARARAGAGAG	STREME-4	4.7e-003	NbT2T16g02580	13.29	tp	0
4-AAGAGARARAGAGAG	STREME-4	4.7e-003	NbT2T01g02789	13.27	tp	0
4-AAGAGARARAGAGAG	STREME-4	4.7e-003	NbT2T04g01802	13.25	tp	0
4-AAGAGARARAGAGAG	STREME-4	4.7e-003	NbT2T04g01409	13.23	tp	0
4-AAGAGARARAGAGAG	STREME-4	4.7e-003	NbT2T06g02328	13.19	tp	0
4-AAGAGARARAGAGAG	STREME-4	4.7e-003	NbT2T01g00685	13.11	tp	0
4-AAGAGARARAGAGAG	STREME-4	4.7e-003	NbT2T07g02545	13.06	fp	0
4-AAGAGARARAGAGAG	STREME-4	4.7e-003	NbT2T06g00232	12.94	tp	0
4-AAGAGARARAGAGAG	STREME-4	4.7e-003	NbT2T16g00076	12.92	tp	1
4-AAGAGARARAGAGAG	STREME-4	4.7e-003	NbT2T16g01388	12.91	tp	0
4-AAGAGARARAGAGAG	STREME-4	4.7e-003	NbT2T10g00231	12.86	tp	0
4-AAGAGARARAGAGAG	STREME-4	4.7e-003	NbT2T16g00269	12.82	tp	0
4-AAGAGARARAGAGAG	STREME-4	4.7e-003	NbT2T16g01491	12.78	tp	0
4-AAGAGARARAGAGAG	STREME-4	4.7e-003	NbT2T15g00899	12.77	tp	0
4-AAGAGARARAGAGAG	STREME-4	4.7e-003	NbT2T18g01341	12.73	tp	1
4-AAGAGARARAGAGAG	STREME-4	4.7e-003	NbT2T07g02984	12.56	tp	0
4-AAGAGARARAGAGAG	STREME-4	4.7e-003	NbT2T08g01553	12.49	fp	1
4-AAGAGARARAGAGAG	STREME-4	4.7e-003	NbT2T19g02246	12.48	tp	0
4-AAGAGARARAGAGAG	STREME-4	4.7e-003	NbT2T10g02835	12.47	fp	0
4-AAGAGARARAGAGAG	STREME-4	4.7e-003	NbT2T15g01809	12.46	tp	0
4-AAGAGARARAGAGAG	STREME-4	4.7e-003	NbT2T18g02241	12.45	fp	0
4-AAGAGARARAGAGAG	STREME-4	4.7e-003	NbT2T10g02131	12.44	tp	0
4-AAGAGARARAGAGAG	STREME-4	4.7e-003	NbT2T07g02943	12.44	tp	0
4-AAGAGARARAGAGAG	STREME-4	4.7e-003	NbT2T06g02616	12.26	tp	0
4-AAGAGARARAGAGAG	STREME-4	4.7e-003	NbT2T09g02519	12.25	fp	0
4-AAGAGARARAGAGAG	STREME-4	4.7e-003	NbT2T12g00039	12.21	tp	0
4-AAGAGARARAGAGAG	STREME-4	4.7e-003	NbT2T01g01672	12.21	tp	0
4-AAGAGARARAGAGAG	STREME-4	4.7e-003	NbT2T09g03257	12.21	tp	0
4-AAGAGARARAGAGAG	STREME-4	4.7e-003	NbT2T11g00069	12.18	tp	0
#
5-AATMGACCCTCGG	STREME-5	1.1e-002	NbT2T01g00521	25.38	tp	0
5-AATMGACCCTCGG	STREME-5	1.1e-002	NbT2T14g01276	25.38	tp	0
5-AATMGACCCTCGG	STREME-5	1.1e-002	NbT2T03g02940	25.38	tp	0
5-AATMGACCCTCGG	STREME-5	1.1e-002	NbT2T07g02215	25.38	tp	0
5-AATMGACCCTCGG	STREME-5	1.1e-002	NbT2T07g02512	25.38	tp	0
5-AATMGACCCTCGG	STREME-5	1.1e-002	NbT2T09g02519	25.38	tp	0
5-AATMGACCCTCGG	STREME-5	1.1e-002	NbT2T17g00017	25.38	tp	0
5-AATMGACCCTCGG	STREME-5	1.1e-002	NbT2T19g02714	25.38	tp	0
5-AATMGACCCTCGG	STREME-5	1.1e-002	NbT2T19g01610	25.38	tp	0
5-AATMGACCCTCGG	STREME-5	1.1e-002	NbT2T08g02766	25.38	tp	0
5-AATMGACCCTCGG	STREME-5	1.1e-002	NbT2T18g01044	24.22	tp	1
5-AATMGACCCTCGG	STREME-5	1.1e-002	NbT2T07g00489	22.91	tp	0
5-AATMGACCCTCGG	STREME-5	1.1e-002	NbT2T10g02424	22.82	tp	0
5-AATMGACCCTCGG	STREME-5	1.1e-002	NbT2T10g03043	22.20	tp	0
5-AATMGACCCTCGG	STREME-5	1.1e-002	NbT2T08g01556	22.20	tp	0
5-AATMGACCCTCGG	STREME-5	1.1e-002	NbT2T10g02131	22.20	tp	0
5-AATMGACCCTCGG	STREME-5	1.1e-002	NbT2T16g00912	22.20	tp	0
5-AATMGACCCTCGG	STREME-5	1.1e-002	NbT2T04g00646	22.20	tp	0
5-AATMGACCCTCGG	STREME-5	1.1e-002	NbT2T18g02241	22.20	tp	0
5-AATMGACCCTCGG	STREME-5	1.1e-002	NbT2T10g00098	22.20	tp	0
5-AATMGACCCTCGG	STREME-5	1.1e-002	NbT2T13g01366	21.83	tp	0
5-AATMGACCCTCGG	STREME-5	1.1e-002	NbT2T13g02451	20.80	tp	0
5-AATMGACCCTCGG	STREME-5	1.1e-002	NbT2T10g01640	19.80	tp	0
5-AATMGACCCTCGG	STREME-5	1.1e-002	NbT2T06g02616	19.73	tp	0
5-AATMGACCCTCGG	STREME-5	1.1e-002	NbT2T18g01341	19.73	tp	1
5-AATMGACCCTCGG	STREME-5	1.1e-002	NbT2T16g00076	19.73	tp	1
5-AATMGACCCTCGG	STREME-5	1.1e-002	NbT2T01g00281	19.69	tp	0
5-AATMGACCCTCGG	STREME-5	1.1e-002	NbT2T07g02491	19.18	tp	0
5-AATMGACCCTCGG	STREME-5	1.1e-002	NbT2T10g01426	18.31	tp	0
5-AATMGACCCTCGG	STREME-5	1.1e-002	NbT2T18g00479	18.31	tp	1
5-AATMGACCCTCGG	STREME-5	1.1e-002	NbT2T17g02695	16.97	tp	0
5-AATMGACCCTCGG	STREME-5	1.1e-002	NbT2T01g00562	16.62	tp	0
5-AATMGACCCTCGG	STREME-5	1.1e-002	NbT2T01g00664	16.62	tp	0
5-AATMGACCCTCGG	STREME-5	1.1e-002	NbT2T16g02580	16.08	tp	0
5-AATMGACCCTCGG	STREME-5	1.1e-002	NbT2T02g02196	16.08	tp	1
5-AATMGACCCTCGG	STREME-5	1.1e-002	NbT2T14g00895	16.03	tp	0
5-AATMGACCCTCGG	STREME-5	1.1e-002	NbT2T02g01930	16.03	tp	0
5-AATMGACCCTCGG	STREME-5	1.1e-002	NbT2T16g01109	15.77	tp	0
5-AATMGACCCTCGG	STREME-5	1.1e-002	NbT2T06g00139	15.76	tp	0
5-AATMGACCCTCGG	STREME-5	1.1e-002	NbT2T08g02765	15.76	tp	0
5-AATMGACCCTCGG	STREME-5	1.1e-002	NbT2T19g02716	15.76	tp	0
5-AATMGACCCTCGG	STREME-5	1.1e-002	NbT2T16g01156	15.65	fp	0
5-AATMGACCCTCGG	STREME-5	1.1e-002	NbT2T16g01388	15.55	tp	0
5-AATMGACCCTCGG	STREME-5	1.1e-002	NbT2T01g01672	15.42	tp	0
5-AATMGACCCTCGG	STREME-5	1.1e-002	NbT2T17g00062	15.42	tp	0
5-AATMGACCCTCGG	STREME-5	1.1e-002	NbT2T11g01093	15.34	tp	0
5-AATMGACCCTCGG	STREME-5	1.1e-002	NbT2T16g02011	15.13	tp	0
5-AATMGACCCTCGG	STREME-5	1.1e-002	NbT2T03g01542	15.06	tp	0
5-AATMGACCCTCGG	STREME-5	1.1e-002	NbT2T12g01743	14.87	tp	0
5-AATMGACCCTCGG	STREME-5	1.1e-002	NbT2T02g01928	14.86	tp	0
5-AATMGACCCTCGG	STREME-5	1.1e-002	NbT2T01g01225	14.65	tp	0
5-AATMGACCCTCGG	STREME-5	1.1e-002	NbT2T11g00069	14.65	tp	0
5-AATMGACCCTCGG	STREME-5	1.1e-002	NbT2T19g00422	14.65	tp	1
#
6-AAATAATTAA	STREME-6	1.7e-002	NbT2T16g01388	15.07	tp	0
6-AAATAATTAA	STREME-6	1.7e-002	NbT2T08g00946	15.07	tp	0
6-AAATAATTAA	STREME-6	1.7e-002	NbT2T12g00969	15.07	tp	0
6-AAATAATTAA	STREME-6	1.7e-002	NbT2T17g01182	15.07	tp	0
6-AAATAATTAA	STREME-6	1.7e-002	NbT2T01g00940	15.07	tp	0
6-AAATAATTAA	STREME-6	1.7e-002	NbT2T03g00024	15.07	tp	0
6-AAATAATTAA	STREME-6	1.7e-002	NbT2T07g02829	15.07	tp	0
6-AAATAATTAA	STREME-6	1.7e-002	NbT2T01g02687	15.07	tp	1
6-AAATAATTAA	STREME-6	1.7e-002	NbT2T01g00655	15.07	fp	1
6-AAATAATTAA	STREME-6	1.7e-002	NbT2T19g00730	14.92	tp	0
6-AAATAATTAA	STREME-6	1.7e-002	NbT2T05g00273	14.92	tp	0
6-AAATAATTAA	STREME-6	1.7e-002	NbT2T04g02694	14.92	tp	0
6-AAATAATTAA	STREME-6	1.7e-002	NbT2T18g00077	14.92	tp	0
6-AAATAATTAA	STREME-6	1.7e-002	NbT2T09g00131	14.92	tp	0
6-AAATAATTAA	STREME-6	1.7e-002	NbT2T06g02841	14.92	tp	0
6-AAATAATTAA	STREME-6	1.7e-002	NbT2T03g02940	14.92	tp	0
6-AAATAATTAA	STREME-6	1.7e-002	NbT2T06g02012	14.92	tp	0
6-AAATAATTAA	STREME-6	1.7e-002	NbT2T08g01553	14.92	tp	0
6-AAATAATTAA	STREME-6	1.7e-002	NbT2T04g01802	14.92	tp	0
6-AAATAATTAA	STREME-6	1.7e-002	NbT2T01g03190	14.92	tp	0
6-AAATAATTAA	STREME-6	1.7e-002	NbT2T16g01992	14.92	tp	0
6-AAATAATTAA	STREME-6	1.7e-002	NbT2T04g02932	14.92	tp	0
6-AAATAATTAA	STREME-6	1.7e-002	NbT2T09g01733	14.92	tp	0
6-AAATAATTAA	STREME-6	1.7e-002	NbT2T10g01023	14.92	tp	0
6-AAATAATTAA	STREME-6	1.7e-002	NbT2T01g00335	14.92	tp	0
6-AAATAATTAA	STREME-6	1.7e-002	NbT2T12g01743	14.92	tp	0
6-AAATAATTAA	STREME-6	1.7e-002	NbT2T19g02714	14.92	tp	0
6-AAATAATTAA	STREME-6	1.7e-002	NbT2T17g02818	14.92	tp	0
6-AAATAATTAA	STREME-6	1.7e-002	NbT2T16g00269	14.92	tp	0
6-AAATAATTAA	STREME-6	1.7e-002	NbT2T03g03181	14.92	tp	0
6-AAATAATTAA	STREME-6	1.7e-002	NbT2T19g01729	14.92	fp	0
6-AAATAATTAA	STREME-6	1.7e-002	NbT2T17g01182	14.92	fp	0
6-AAATAATTAA	STREME-6	1.7e-002	NbT2T07g00990	14.92	fp	0
6-AAATAATTAA	STREME-6	1.7e-002	NbT2T15g01612	14.92	tp	1
6-AAATAATTAA	STREME-6	1.7e-002	NbT2T19g02788	14.92	tp	1
6-AAATAATTAA	STREME-6	1.7e-002	NbT2T01g03158	14.92	tp	1
6-AAATAATTAA	STREME-6	1.7e-002	NbT2T07g00990	14.92	tp	1
6-AAATAATTAA	STREME-6	1.7e-002	NbT2T13g01846	14.92	tp	1
6-AAATAATTAA	STREME-6	1.7e-002	NbT2T17g00734	14.92	tp	1
6-AAATAATTAA	STREME-6	1.7e-002	NbT2T11g01124	14.62	tp	0
6-AAATAATTAA	STREME-6	1.7e-002	NbT2T07g00489	14.62	tp	0
6-AAATAATTAA	STREME-6	1.7e-002	NbT2T05g00031	14.62	tp	0
6-AAATAATTAA	STREME-6	1.7e-002	NbT2T05g01822	14.62	tp	0
6-AAATAATTAA	STREME-6	1.7e-002	NbT2T10g01002	14.62	tp	0
6-AAATAATTAA	STREME-6	1.7e-002	NbT2T18g00156	14.62	tp	0
6-AAATAATTAA	STREME-6	1.7e-002	NbT2T02g01799	14.62	fp	0
6-AAATAATTAA	STREME-6	1.7e-002	NbT2T18g01341	14.62	tp	1
6-AAATAATTAA	STREME-6	1.7e-002	NbT2T01g01692	14.08	tp	0
6-AAATAATTAA	STREME-6	1.7e-002	NbT2T01g00521	14.08	tp	0
6-AAATAATTAA	STREME-6	1.7e-002	NbT2T14g01504	14.08	tp	0
6-AAATAATTAA	STREME-6	1.7e-002	NbT2T02g02105	14.08	tp	0
6-AAATAATTAA	STREME-6	1.7e-002	NbT2T01g00655	14.08	tp	0
6-AAATAATTAA	STREME-6	1.7e-002	NbT2T01g00620	14.08	tp	0
6-AAATAATTAA	STREME-6	1.7e-002	NbT2T18g02379	14.08	tp	0
6-AAATAATTAA	STREME-6	1.7e-002	NbT2T02g01930	14.08	tp	0
6-AAATAATTAA	STREME-6	1.7e-002	NbT2T13g02451	14.08	tp	0
6-AAATAATTAA	STREME-6	1.7e-002	NbT2T11g00664	14.08	tp	0
6-AAATAATTAA	STREME-6	1.7e-002	NbT2T12g01576	14.08	tp	0
6-AAATAATTAA	STREME-6	1.7e-002	NbT2T06g02616	14.08	tp	0
6-AAATAATTAA	STREME-6	1.7e-002	NbT2T01g02292	14.08	tp	0
6-AAATAATTAA	STREME-6	1.7e-002	NbT2T04g00730	14.08	tp	0
6-AAATAATTAA	STREME-6	1.7e-002	NbT2T10g00098	14.08	tp	0
6-AAATAATTAA	STREME-6	1.7e-002	NbT2T12g00039	14.08	fp	0
6-AAATAATTAA	STREME-6	1.7e-002	NbT2T07g00489	14.08	fp	0
6-AAATAATTAA	STREME-6	1.7e-002	NbT2T01g00521	14.08	fp	0
6-AAATAATTAA	STREME-6	1.7e-002	NbT2T10g01023	14.08	fp	0
6-AAATAATTAA	STREME-6	1.7e-002	NbT2T01g00414	14.08	tp	1
6-AAATAATTAA	STREME-6	1.7e-002	NbT2T18g00479	14.08	fp	1
6-AAATAATTAA	STREME-6	1.7e-002	NbT2T07g01705	13.26	tp	0
6-AAATAATTAA	STREME-6	1.7e-002	NbT2T03g00490	13.26	tp	0
6-AAATAATTAA	STREME-6	1.7e-002	NbT2T15g00291	13.26	tp	0
6-AAATAATTAA	STREME-6	1.7e-002	NbT2T16g01491	13.26	tp	0
6-AAATAATTAA	STREME-6	1.7e-002	NbT2T10g01030	13.26	tp	0
6-AAATAATTAA	STREME-6	1.7e-002	NbT2T07g02552	13.26	tp	0
6-AAATAATTAA	STREME-6	1.7e-002	NbT2T01g01266	13.26	tp	0
6-AAATAATTAA	STREME-6	1.7e-002	NbT2T19g01544	13.26	fp	0
6-AAATAATTAA	STREME-6	1.7e-002	NbT2T09g01241	13.26	fp	0
6-AAATAATTAA	STREME-6	1.7e-002	NbT2T14g01276	12.45	tp	0
6-AAATAATTAA	STREME-6	1.7e-002	NbT2T01g00468	12.45	tp	0
6-AAATAATTAA	STREME-6	1.7e-002	NbT2T06g03483	12.45	fp	0
#
7-CAACAACAACAACAA	STREME-7	2.3e-002	NbT2T02g01928	25.24	tp	0
7-CAACAACAACAACAA	STREME-7	2.3e-002	NbT2T09g03257	25.24	tp	0
7-CAACAACAACAACAA	STREME-7	2.3e-002	NbT2T18g00606	25.24	tp	0
7-CAACAACAACAACAA	STREME-7	2.3e-002	NbT2T11g01093	25.24	tp	0
7-CAACAACAACAACAA	STREME-7	2.3e-002	NbT2T01g00685	25.24	tp	0
7-CAACAACAACAACAA	STREME-7	2.3e-002	NbT2T13g02451	25.24	tp	0
7-CAACAACAACAACAA	STREME-7	2.3e-002	NbT2T04g00646	25.24	tp	0
7-CAACAACAACAACAA	STREME-7	2.3e-002	NbT2T19g02714	25.24	tp	0
7-CAACAACAACAACAA	STREME-7	2.3e-002	NbT2T08g02766	25.24	tp	0
7-CAACAACAACAACAA	STREME-7	2.3e-002	NbT2T10g00098	25.24	tp	0
7-CAACAACAACAACAA	STREME-7	2.3e-002	NbT2T18g00479	25.24	tp	1
7-CAACAACAACAACAA	STREME-7	2.3e-002	NbT2T10g01640	23.22	tp	0
7-CAACAACAACAACAA	STREME-7	2.3e-002	NbT2T05g00031	23.22	tp	0
7-CAACAACAACAACAA	STREME-7	2.3e-002	NbT2T10g01426	23.22	tp	0
7-CAACAACAACAACAA	STREME-7	2.3e-002	NbT2T12g01048	22.15	tp	0
7-CAACAACAACAACAA	STREME-7	2.3e-002	NbT2T06g02616	22.15	tp	0
7-CAACAACAACAACAA	STREME-7	2.3e-002	NbT2T09g02519	22.12	tp	0
7-CAACAACAACAACAA	STREME-7	2.3e-002	NbT2T03g03181	22.09	tp	0
7-CAACAACAACAACAA	STREME-7	2.3e-002	NbT2T10g02424	22.09	tp	0
7-CAACAACAACAACAA	STREME-7	2.3e-002	NbT2T12g00411	21.72	tp	0
7-CAACAACAACAACAA	STREME-7	2.3e-002	NbT2T14g01276	21.72	tp	0
7-CAACAACAACAACAA	STREME-7	2.3e-002	NbT2T15g00291	21.72	tp	0
7-CAACAACAACAACAA	STREME-7	2.3e-002	NbT2T03g00024	20.94	tp	0
7-CAACAACAACAACAA	STREME-7	2.3e-002	NbT2T08g01785	20.81	tp	0
7-CAACAACAACAACAA	STREME-7	2.3e-002	NbT2T02g01473	20.78	tp	0
7-CAACAACAACAACAA	STREME-7	2.3e-002	NbT2T06g02841	20.78	tp	0
7-CAACAACAACAACAA	STREME-7	2.3e-002	NbT2T01g00067	20.78	tp	0
7-CAACAACAACAACAA	STREME-7	2.3e-002	NbT2T15g02642	20.78	tp	0
7-CAACAACAACAACAA	STREME-7	2.3e-002	NbT2T01g02463	20.78	tp	1
7-CAACAACAACAACAA	STREME-7	2.3e-002	NbT2T14g00101	20.71	tp	0
7-CAACAACAACAACAA	STREME-7	2.3e-002	NbT2T17g00017	20.45	tp	0
7-CAACAACAACAACAA	STREME-7	2.3e-002	NbT2T03g01046	20.13	tp	0
7-CAACAACAACAACAA	STREME-7	2.3e-002	NbT2T19g01746	20.09	tp	0
7-CAACAACAACAACAA	STREME-7	2.3e-002	NbT2T07g02512	20.05	tp	0
7-CAACAACAACAACAA	STREME-7	2.3e-002	NbT2T08g00946	20.00	tp	0
7-CAACAACAACAACAA	STREME-7	2.3e-002	NbT2T01g00657	20.00	tp	0
7-CAACAACAACAACAA	STREME-7	2.3e-002	NbT2T02g01931	20.00	tp	0
7-CAACAACAACAACAA	STREME-7	2.3e-002	NbT2T18g01341	19.98	tp	1
7-CAACAACAACAACAA	STREME-7	2.3e-002	NbT2T15g01835	19.97	tp	0
7-CAACAACAACAACAA	STREME-7	2.3e-002	NbT2T12g00039	19.74	tp	0
7-CAACAACAACAACAA	STREME-7	2.3e-002	NbT2T12g01335	18.83	tp	1
7-CAACAACAACAACAA	STREME-7	2.3e-002	NbT2T05g01822	18.81	tp	0
7-CAACAACAACAACAA	STREME-7	2.3e-002	NbT2T19g02723	18.28	tp	0
7-CAACAACAACAACAA	STREME-7	2.3e-002	NbT2T15g00899	17.82	tp	0
7-CAACAACAACAACAA	STREME-7	2.3e-002	NbT2T01g01225	17.72	tp	0
7-CAACAACAACAACAA	STREME-7	2.3e-002	NbT2T11g00069	17.72	tp	0
7-CAACAACAACAACAA	STREME-7	2.3e-002	NbT2T04g00730	17.72	tp	0
7-CAACAACAACAACAA	STREME-7	2.3e-002	NbT2T09g01886	17.72	tp	0
7-CAACAACAACAACAA	STREME-7	2.3e-002	NbT2T17g00734	17.72	tp	1
7-CAACAACAACAACAA	STREME-7	2.3e-002	NbT2T10g03043	17.66	tp	0
7-CAACAACAACAACAA	STREME-7	2.3e-002	NbT2T06g03092	17.65	tp	0
7-CAACAACAACAACAA	STREME-7	2.3e-002	NbT2T01g00281	17.65	tp	0
7-CAACAACAACAACAA	STREME-7	2.3e-002	NbT2T12g00877	17.65	tp	0
7-CAACAACAACAACAA	STREME-7	2.3e-002	NbT2T19g00422	17.65	tp	1
7-CAACAACAACAACAA	STREME-7	2.3e-002	NbT2T13g01366	17.57	tp	0
7-CAACAACAACAACAA	STREME-7	2.3e-002	NbT2T04g03472	17.26	tp	0
7-CAACAACAACAACAA	STREME-7	2.3e-002	NbT2T18g01044	16.96	tp	1
7-CAACAACAACAACAA	STREME-7	2.3e-002	NbT2T17g01182	16.71	tp	0
7-CAACAACAACAACAA	STREME-7	2.3e-002	NbT2T11g00356	16.60	tp	0
7-CAACAACAACAACAA	STREME-7	2.3e-002	NbT2T17g02695	16.36	tp	0
7-CAACAACAACAACAA	STREME-7	2.3e-002	NbT2T07g00525	16.07	tp	0
7-CAACAACAACAACAA	STREME-7	2.3e-002	NbT2T03g02940	16.02	tp	0
7-CAACAACAACAACAA	STREME-7	2.3e-002	NbT2T04g03023	15.95	tp	0
7-CAACAACAACAACAA	STREME-7	2.3e-002	NbT2T04g02956	15.95	tp	0
7-CAACAACAACAACAA	STREME-7	2.3e-002	NbT2T05g01867	15.79	tp	0
7-CAACAACAACAACAA	STREME-7	2.3e-002	NbT2T07g00489	15.62	tp	0
7-CAACAACAACAACAA	STREME-7	2.3e-002	NbT2T07g02215	15.62	tp	0
7-CAACAACAACAACAA	STREME-7	2.3e-002	NbT2T19g01610	15.62	tp	0
7-CAACAACAACAACAA	STREME-7	2.3e-002	NbT2T05g01867	15.58	fp	1
7-CAACAACAACAACAA	STREME-7	2.3e-002	NbT2T07g02545	15.46	tp	0
7-CAACAACAACAACAA	STREME-7	2.3e-002	NbT2T17g02818	15.18	tp	0
7-CAACAACAACAACAA	STREME-7	2.3e-002	NbT2T04g02554	15.18	tp	0
#
8-CTTACCCCTACCCB	STREME-8	2.4e-002	NbT2T14g01276	26.58	tp	0
8-CTTACCCCTACCCB	STREME-8	2.4e-002	NbT2T07g00489	26.58	tp	0
8-CTTACCCCTACCCB	STREME-8	2.4e-002	NbT2T10g01640	26.58	tp	0
8-CTTACCCCTACCCB	STREME-8	2.4e-002	NbT2T07g02512	26.58	tp	0
8-CTTACCCCTACCCB	STREME-8	2.4e-002	NbT2T05g01822	26.58	tp	0
8-CTTACCCCTACCCB	STREME-8	2.4e-002	NbT2T11g01093	26.58	tp	0
8-CTTACCCCTACCCB	STREME-8	2.4e-002	NbT2T17g00017	26.58	tp	0
8-CTTACCCCTACCCB	STREME-8	2.4e-002	NbT2T03g03181	26.08	tp	0
8-CTTACCCCTACCCB	STREME-8	2.4e-002	NbT2T02g01473	25.53	tp	0
8-CTTACCCCTACCCB	STREME-8	2.4e-002	NbT2T01g00067	25.53	tp	0
8-CTTACCCCTACCCB	STREME-8	2.4e-002	NbT2T08g01556	25.53	tp	0
8-CTTACCCCTACCCB	STREME-8	2.4e-002	NbT2T06g00232	25.53	tp	0
8-CTTACCCCTACCCB	STREME-8	2.4e-002	NbT2T13g02451	25.53	tp	0
8-CTTACCCCTACCCB	STREME-8	2.4e-002	NbT2T10g02131	25.53	tp	0
8-CTTACCCCTACCCB	STREME-8	2.4e-002	NbT2T04g00646	25.53	tp	0
8-CTTACCCCTACCCB	STREME-8	2.4e-002	NbT2T06g02616	25.53	tp	0
8-CTTACCCCTACCCB	STREME-8	2.4e-002	NbT2T10g00098	25.53	tp	0
8-CTTACCCCTACCCB	STREME-8	2.4e-002	NbT2T18g01341	25.53	tp	1
8-CTTACCCCTACCCB	STREME-8	2.4e-002	NbT2T16g00076	25.53	tp	1
8-CTTACCCCTACCCB	STREME-8	2.4e-002	NbT2T10g00231	24.77	tp	0
8-CTTACCCCTACCCB	STREME-8	2.4e-002	NbT2T08g01785	24.77	tp	0
8-CTTACCCCTACCCB	STREME-8	2.4e-002	NbT2T07g02215	23.97	tp	0
8-CTTACCCCTACCCB	STREME-8	2.4e-002	NbT2T10g01426	23.97	tp	0
8-CTTACCCCTACCCB	STREME-8	2.4e-002	NbT2T18g00479	23.97	tp	1
8-CTTACCCCTACCCB	STREME-8	2.4e-002	NbT2T01g00521	22.92	tp	0
8-CTTACCCCTACCCB	STREME-8	2.4e-002	NbT2T10g02424	22.91	tp	0
8-CTTACCCCTACCCB	STREME-8	2.4e-002	NbT2T19g02714	22.50	tp	0
8-CTTACCCCTACCCB	STREME-8	2.4e-002	NbT2T02g01928	22.42	tp	0
8-CTTACCCCTACCCB	STREME-8	2.4e-002	NbT2T16g01109	22.42	tp	0
8-CTTACCCCTACCCB	STREME-8	2.4e-002	NbT2T07g00525	22.41	tp	0
8-CTTACCCCTACCCB	STREME-8	2.4e-002	NbT2T15g02642	21.40	tp	0
8-CTTACCCCTACCCB	STREME-8	2.4e-002	NbT2T10g03043	21.35	tp	0
8-CTTACCCCTACCCB	STREME-8	2.4e-002	NbT2T05g00031	20.65	tp	0
8-CTTACCCCTACCCB	STREME-8	2.4e-002	NbT2T15g00291	20.63	tp	0
8-CTTACCCCTACCCB	STREME-8	2.4e-002	NbT2T12g01048	20.50	tp	0
8-CTTACCCCTACCCB	STREME-8	2.4e-002	NbT2T08g02766	20.30	tp	0
8-CTTACCCCTACCCB	STREME-8	2.4e-002	NbT2T06g02841	20.14	tp	0
8-CTTACCCCTACCCB	STREME-8	2.4e-002	NbT2T12g00411	19.95	tp	0
8-CTTACCCCTACCCB	STREME-8	2.4e-002	NbT2T04g03023	19.72	tp	0
8-CTTACCCCTACCCB	STREME-8	2.4e-002	NbT2T01g02463	19.64	tp	1
8-CTTACCCCTACCCB	STREME-8	2.4e-002	NbT2T19g02723	19.58	tp	0
8-CTTACCCCTACCCB	STREME-8	2.4e-002	NbT2T07g02491	18.86	tp	0
8-CTTACCCCTACCCB	STREME-8	2.4e-002	NbT2T09g02519	18.73	tp	0
8-CTTACCCCTACCCB	STREME-8	2.4e-002	NbT2T02g01799	17.72	tp	0
8-CTTACCCCTACCCB	STREME-8	2.4e-002	NbT2T13g01366	17.58	tp	0
8-CTTACCCCTACCCB	STREME-8	2.4e-002	NbT2T03g02085	17.13	tp	0
8-CTTACCCCTACCCB	STREME-8	2.4e-002	NbT2T03g02868	17.05	tp	0
8-CTTACCCCTACCCB	STREME-8	2.4e-002	NbT2T02g00142	17.05	tp	0
8-CTTACCCCTACCCB	STREME-8	2.4e-002	NbT2T04g02932	16.89	tp	0
8-CTTACCCCTACCCB	STREME-8	2.4e-002	NbT2T17g01182	16.81	tp	0
8-CTTACCCCTACCCB	STREME-8	2.4e-002	NbT2T04g02694	16.64	tp	0
8-CTTACCCCTACCCB	STREME-8	2.4e-002	NbT2T11g00664	16.30	tp	0
8-CTTACCCCTACCCB	STREME-8	2.4e-002	NbT2T18g00077	16.19	tp	0
8-CTTACCCCTACCCB	STREME-8	2.4e-002	NbT2T01g00664	16.06	tp	0
8-CTTACCCCTACCCB	STREME-8	2.4e-002	NbT2T03g02940	15.93	tp	0
8-CTTACCCCTACCCB	STREME-8	2.4e-002	NbT2T17g00734	15.90	tp	1
8-CTTACCCCTACCCB	STREME-8	2.4e-002	NbT2T12g00039	15.87	tp	0
8-CTTACCCCTACCCB	STREME-8	2.4e-002	NbT2T01g00562	15.86	fp	0
8-CTTACCCCTACCCB	STREME-8	2.4e-002	NbT2T19g02716	15.67	tp	0
8-CTTACCCCTACCCB	STREME-8	2.4e-002	NbT2T11g01767	15.30	tp	0
8-CTTACCCCTACCCB	STREME-8	2.4e-002	NbT2T19g01729	15.25	tp	0
8-CTTACCCCTACCCB	STREME-8	2.4e-002	NbT2T06g00810	14.60	tp	0
8-CTTACCCCTACCCB	STREME-8	2.4e-002	NbT2T15g00899	14.50	tp	0
8-CTTACCCCTACCCB	STREME-8	2.4e-002	NbT2T01g00940	14.23	tp	0
8-CTTACCCCTACCCB	STREME-8	2.4e-002	NbT2T16g01923	14.21	tp	0
#
9-AGAGAGGCTGTTTCC	STREME-9	2.4e-002	NbT2T01g00521	28.15	tp	0
9-AGAGAGGCTGTTTCC	STREME-9	2.4e-002	NbT2T14g01276	28.15	tp	0
9-AGAGAGGCTGTTTCC	STREME-9	2.4e-002	NbT2T07g00525	28.15	tp	0
9-AGAGAGGCTGTTTCC	STREME-9	2.4e-002	NbT2T19g02723	28.15	tp	0
9-AGAGAGGCTGTTTCC	STREME-9	2.4e-002	NbT2T05g01822	28.15	tp	0
9-AGAGAGGCTGTTTCC	STREME-9	2.4e-002	NbT2T10g03043	28.15	tp	0
9-AGAGAGGCTGTTTCC	STREME-9	2.4e-002	NbT2T11g01093	28.15	tp	0
9-AGAGAGGCTGTTTCC	STREME-9	2.4e-002	NbT2T01g00067	28.15	tp	0
9-AGAGAGGCTGTTTCC	STREME-9	2.4e-002	NbT2T09g02519	28.15	tp	0
9-AGAGAGGCTGTTTCC	STREME-9	2.4e-002	NbT2T13g02451	28.15	tp	0
9-AGAGAGGCTGTTTCC	STREME-9	2.4e-002	NbT2T10g02131	28.15	tp	0
9-AGAGAGGCTGTTTCC	STREME-9	2.4e-002	NbT2T04g00646	28.15	tp	0
9-AGAGAGGCTGTTTCC	STREME-9	2.4e-002	NbT2T08g02766	28.15	tp	0
9-AGAGAGGCTGTTTCC	STREME-9	2.4e-002	NbT2T18g01341	28.15	tp	1
9-AGAGAGGCTGTTTCC	STREME-9	2.4e-002	NbT2T18g01044	28.15	tp	1
9-AGAGAGGCTGTTTCC	STREME-9	2.4e-002	NbT2T04g03023	25.75	tp	0
9-AGAGAGGCTGTTTCC	STREME-9	2.4e-002	NbT2T10g01640	25.75	tp	0
9-AGAGAGGCTGTTTCC	STREME-9	2.4e-002	NbT2T16g01109	25.75	tp	0
9-AGAGAGGCTGTTTCC	STREME-9	2.4e-002	NbT2T10g02424	25.75	tp	0
9-AGAGAGGCTGTTTCC	STREME-9	2.4e-002	NbT2T19g02714	25.21	tp	0
9-AGAGAGGCTGTTTCC	STREME-9	2.4e-002	NbT2T10g01426	25.21	tp	0
9-AGAGAGGCTGTTTCC	STREME-9	2.4e-002	NbT2T18g00479	25.21	tp	1
9-AGAGAGGCTGTTTCC	STREME-9	2.4e-002	NbT2T19g01610	24.79	tp	0
9-AGAGAGGCTGTTTCC	STREME-9	2.4e-002	NbT2T07g00489	24.56	tp	0
9-AGAGAGGCTGTTTCC	STREME-9	2.4e-002	NbT2T04g02932	24.53	tp	0
9-AGAGAGGCTGTTTCC	STREME-9	2.4e-002	NbT2T02g01928	24.51	tp	0
9-AGAGAGGCTGTTTCC	STREME-9	2.4e-002	NbT2T06g02616	24.51	tp	0
9-AGAGAGGCTGTTTCC	STREME-9	2.4e-002	NbT2T18g02241	24.51	tp	0
9-AGAGAGGCTGTTTCC	STREME-9	2.4e-002	NbT2T01g00664	24.45	tp	0
9-AGAGAGGCTGTTTCC	STREME-9	2.4e-002	NbT2T03g03181	24.33	tp	0
9-AGAGAGGCTGTTTCC	STREME-9	2.4e-002	NbT2T06g02841	24.33	tp	0
9-AGAGAGGCTGTTTCC	STREME-9	2.4e-002	NbT2T12g00039	24.33	tp	0
9-AGAGAGGCTGTTTCC	STREME-9	2.4e-002	NbT2T07g02512	22.51	tp	0
9-AGAGAGGCTGTTTCC	STREME-9	2.4e-002	NbT2T07g02215	22.39	tp	0
9-AGAGAGGCTGTTTCC	STREME-9	2.4e-002	NbT2T08g01556	22.26	tp	0
9-AGAGAGGCTGTTTCC	STREME-9	2.4e-002	NbT2T06g00139	22.14	tp	0
9-AGAGAGGCTGTTTCC	STREME-9	2.4e-002	NbT2T03g01542	21.17	tp	0
9-AGAGAGGCTGTTTCC	STREME-9	2.4e-002	NbT2T16g00076	21.17	tp	1
9-AGAGAGGCTGTTTCC	STREME-9	2.4e-002	NbT2T03g02940	21.15	tp	0
9-AGAGAGGCTGTTTCC	STREME-9	2.4e-002	NbT2T17g00017	20.56	tp	0
9-AGAGAGGCTGTTTCC	STREME-9	2.4e-002	NbT2T09g02897	19.74	tp	0
9-AGAGAGGCTGTTTCC	STREME-9	2.4e-002	NbT2T02g01473	19.19	tp	0
9-AGAGAGGCTGTTTCC	STREME-9	2.4e-002	NbT2T06g00810	19.06	tp	0
9-AGAGAGGCTGTTTCC	STREME-9	2.4e-002	NbT2T10g00098	18.66	tp	0
9-AGAGAGGCTGTTTCC	STREME-9	2.4e-002	NbT2T15g02642	18.29	tp	0
9-AGAGAGGCTGTTTCC	STREME-9	2.4e-002	NbT2T01g00562	18.08	tp	0
9-AGAGAGGCTGTTTCC	STREME-9	2.4e-002	NbT2T08g01785	17.91	tp	0
9-AGAGAGGCTGTTTCC	STREME-9	2.4e-002	NbT2T02g00611	17.07	tp	0
9-AGAGAGGCTGTTTCC	STREME-9	2.4e-002	NbT2T05g00031	16.88	tp	0
9-AGAGAGGCTGTTTCC	STREME-9	2.4e-002	NbT2T01g02687	16.78	tp	1
9-AGAGAGGCTGTTTCC	STREME-9	2.4e-002	NbT2T19g02716	16.38	tp	0
9-AGAGAGGCTGTTTCC	STREME-9	2.4e-002	NbT2T07g02943	14.81	tp	0
9-AGAGAGGCTGTTTCC	STREME-9	2.4e-002	NbT2T03g01046	14.81	tp	0
9-AGAGAGGCTGTTTCC	STREME-9	2.4e-002	NbT2T17g01182	14.78	tp	0
9-AGAGAGGCTGTTTCC	STREME-9	2.4e-002	NbT2T15g00659	14.75	tp	0
9-AGAGAGGCTGTTTCC	STREME-9	2.4e-002	NbT2T08g02765	14.72	tp	0
#
10-GTARTATGTASRCR	STREME-10	2.4e-002	NbT2T19g02723	24.99	tp	0
10-GTARTATGTASRCR	STREME-10	2.4e-002	NbT2T10g03043	24.99	tp	0
10-GTARTATGTASRCR	STREME-10	2.4e-002	NbT2T13g02451	24.99	tp	0
10-GTARTATGTASRCR	STREME-10	2.4e-002	NbT2T04g00646	24.99	tp	0
10-GTARTATGTASRCR	STREME-10	2.4e-002	NbT2T16g00076	24.99	tp	1
10-GTARTATGTASRCR	STREME-10	2.4e-002	NbT2T12g01048	24.07	tp	0
10-GTARTATGTASRCR	STREME-10	2.4e-002	NbT2T15g00291	23.84	tp	0
10-GTARTATGTASRCR	STREME-10	2.4e-002	NbT2T16g01109	23.84	tp	0
10-GTARTATGTASRCR	STREME-10	2.4e-002	NbT2T03g03181	23.84	tp	0
10-GTARTATGTASRCR	STREME-10	2.4e-002	NbT2T02g01473	23.54	tp	0
10-GTARTATGTASRCR	STREME-10	2.4e-002	NbT2T10g02131	23.54	tp	0
10-GTARTATGTASRCR	STREME-10	2.4e-002	NbT2T15g02642	23.54	tp	0
10-GTARTATGTASRCR	STREME-10	2.4e-002	NbT2T15g00899	23.54	tp	0
10-GTARTATGTASRCR	STREME-10	2.4e-002	NbT2T10g00098	23.54	tp	0
10-GTARTATGTASRCR	STREME-10	2.4e-002	NbT2T18g01341	23.54	tp	1
10-GTARTATGTASRCR	STREME-10	2.4e-002	NbT2T14g01276	23.19	tp	0
10-GTARTATGTASRCR	STREME-10	2.4e-002	NbT2T07g00489	23.19	tp	0
10-GTARTATGTASRCR	STREME-10	2.4e-002	NbT2T10g01640	23.19	tp	0
10-GTARTATGTASRCR	STREME-10	2.4e-002	NbT2T07g02215	23.19	tp	0
10-GTARTATGTASRCR	STREME-10	2.4e-002	NbT2T09g02519	23.19	tp	0
10-GTARTATGTASRCR	STREME-10	2.4e-002	NbT2T19g02714	23.19	tp	0
10-GTARTATGTASRCR	STREME-10	2.4e-002	NbT2T19g01610	23.19	tp	0
10-GTARTATGTASRCR	STREME-10	2.4e-002	NbT2T08g02766	23.19	tp	0
10-GTARTATGTASRCR	STREME-10	2.4e-002	NbT2T10g01426	22.92	tp	0
10-GTARTATGTASRCR	STREME-10	2.4e-002	NbT2T18g00479	22.92	tp	1
10-GTARTATGTASRCR	STREME-10	2.4e-002	NbT2T08g01556	22.62	tp	0
10-GTARTATGTASRCR	STREME-10	2.4e-002	NbT2T05g00031	21.73	tp	0
10-GTARTATGTASRCR	STREME-10	2.4e-002	NbT2T01g00562	21.22	tp	0
10-GTARTATGTASRCR	STREME-10	2.4e-002	NbT2T07g00525	21.14	tp	0
10-GTARTATGTASRCR	STREME-10	2.4e-002	NbT2T11g01093	20.74	tp	0
10-GTARTATGTASRCR	STREME-10	2.4e-002	NbT2T17g00017	20.46	tp	0
10-GTARTATGTASRCR	STREME-10	2.4e-002	NbT2T12g00411	19.24	tp	0
10-GTARTATGTASRCR	STREME-10	2.4e-002	NbT2T01g00521	19.16	tp	0
10-GTARTATGTASRCR	STREME-10	2.4e-002	NbT2T10g02424	18.96	tp	0
10-GTARTATGTASRCR	STREME-10	2.4e-002	NbT2T05g01867	18.82	tp	0
10-GTARTATGTASRCR	STREME-10	2.4e-002	NbT2T18g02241	18.53	tp	0
10-GTARTATGTASRCR	STREME-10	2.4e-002	NbT2T03g02940	18.37	tp	0
10-GTARTATGTASRCR	STREME-10	2.4e-002	NbT2T18g01044	18.37	tp	1
10-GTARTATGTASRCR	STREME-10	2.4e-002	NbT2T13g01366	18.24	tp	0
10-GTARTATGTASRCR	STREME-10	2.4e-002	NbT2T11g01124	18.24	tp	0
10-GTARTATGTASRCR	STREME-10	2.4e-002	NbT2T18g00028	18.10	tp	0
10-GTARTATGTASRCR	STREME-10	2.4e-002	NbT2T07g02512	17.43	tp	0
10-GTARTATGTASRCR	STREME-10	2.4e-002	NbT2T06g02841	17.25	tp	0
10-GTARTATGTASRCR	STREME-10	2.4e-002	NbT2T01g02463	16.95	tp	1
10-GTARTATGTASRCR	STREME-10	2.4e-002	NbT2T06g02616	16.30	tp	0
10-GTARTATGTASRCR	STREME-10	2.4e-002	NbT2T11g00664	16.03	tp	0
10-GTARTATGTASRCR	STREME-10	2.4e-002	NbT2T04g02554	15.90	tp	0
10-GTARTATGTASRCR	STREME-10	2.4e-002	NbT2T16g01388	15.87	tp	0
10-GTARTATGTASRCR	STREME-10	2.4e-002	NbT2T09g01733	15.65	tp	0
10-GTARTATGTASRCR	STREME-10	2.4e-002	NbT2T07g02545	15.62	tp	0
10-GTARTATGTASRCR	STREME-10	2.4e-002	NbT2T02g00611	15.17	tp	0
10-GTARTATGTASRCR	STREME-10	2.4e-002	NbT2T18g00606	14.78	tp	0
#
11-GACTCGAACTCRMAA	STREME-11	2.4e-002	NbT2T02g01928	26.64	tp	0
11-GACTCGAACTCRMAA	STREME-11	2.4e-002	NbT2T02g01473	26.64	tp	0
11-GACTCGAACTCRMAA	STREME-11	2.4e-002	NbT2T19g02723	26.64	tp	0
11-GACTCGAACTCRMAA	STREME-11	2.4e-002	NbT2T01g00664	26.64	tp	0
11-GACTCGAACTCRMAA	STREME-11	2.4e-002	NbT2T10g03043	26.64	tp	0
11-GACTCGAACTCRMAA	STREME-11	2.4e-002	NbT2T01g00067	26.64	tp	0
11-GACTCGAACTCRMAA	STREME-11	2.4e-002	NbT2T08g01556	26.64	tp	0
11-GACTCGAACTCRMAA	STREME-11	2.4e-002	NbT2T13g02451	26.64	tp	0
11-GACTCGAACTCRMAA	STREME-11	2.4e-002	NbT2T12g01048	26.64	tp	0
11-GACTCGAACTCRMAA	STREME-11	2.4e-002	NbT2T10g02131	26.64	tp	0
11-GACTCGAACTCRMAA	STREME-11	2.4e-002	NbT2T16g00912	26.64	tp	0
11-GACTCGAACTCRMAA	STREME-11	2.4e-002	NbT2T04g00646	26.64	tp	0
11-GACTCGAACTCRMAA	STREME-11	2.4e-002	NbT2T18g02241	26.64	tp	0
11-GACTCGAACTCRMAA	STREME-11	2.4e-002	NbT2T10g00098	26.64	tp	0
11-GACTCGAACTCRMAA	STREME-11	2.4e-002	NbT2T18g01341	26.64	tp	1
11-GACTCGAACTCRMAA	STREME-11	2.4e-002	NbT2T16g00076	26.64	tp	1
11-GACTCGAACTCRMAA	STREME-11	2.4e-002	NbT2T14g01504	26.00	tp	0
11-GACTCGAACTCRMAA	STREME-11	2.4e-002	NbT2T06g02616	24.59	tp	0
11-GACTCGAACTCRMAA	STREME-11	2.4e-002	NbT2T07g00525	23.95	tp	0
11-GACTCGAACTCRMAA	STREME-11	2.4e-002	NbT2T01g00414	22.09	tp	1
11-GACTCGAACTCRMAA	STREME-11	2.4e-002	NbT2T01g00521	21.91	tp	0
11-GACTCGAACTCRMAA	STREME-11	2.4e-002	NbT2T15g02642	21.77	tp	0
11-GACTCGAACTCRMAA	STREME-11	2.4e-002	NbT2T01g00562	21.38	tp	0
11-GACTCGAACTCRMAA	STREME-11	2.4e-002	NbT2T10g02835	20.09	tp	0
11-GACTCGAACTCRMAA	STREME-11	2.4e-002	NbT2T14g00237	19.98	tp	0
11-GACTCGAACTCRMAA	STREME-11	2.4e-002	NbT2T07g02829	19.96	tp	0
11-GACTCGAACTCRMAA	STREME-11	2.4e-002	NbT2T10g02424	19.68	tp	0
11-GACTCGAACTCRMAA	STREME-11	2.4e-002	NbT2T02g01799	18.84	tp	0
11-GACTCGAACTCRMAA	STREME-11	2.4e-002	NbT2T03g01135	18.73	tp	0
11-GACTCGAACTCRMAA	STREME-11	2.4e-002	NbT2T16g01585	18.18	tp	1
11-GACTCGAACTCRMAA	STREME-11	2.4e-002	NbT2T19g01746	17.80	fp	0
11-GACTCGAACTCRMAA	STREME-11	2.4e-002	NbT2T01g00468	16.85	tp	0
11-GACTCGAACTCRMAA	STREME-11	2.4e-002	NbT2T01g00685	16.70	tp	0
11-GACTCGAACTCRMAA	STREME-11	2.4e-002	NbT2T02g01931	16.58	tp	0
11-GACTCGAACTCRMAA	STREME-11	2.4e-002	NbT2T16g01388	15.10	tp	0
11-GACTCGAACTCRMAA	STREME-11	2.4e-002	NbT2T12g00039	15.03	tp	0
11-GACTCGAACTCRMAA	STREME-11	2.4e-002	NbT2T15g01794	14.76	tp	0
11-GACTCGAACTCRMAA	STREME-11	2.4e-002	NbT2T16g01353	14.59	tp	0
11-GACTCGAACTCRMAA	STREME-11	2.4e-002	NbT2T01g02463	14.11	tp	1
11-GACTCGAACTCRMAA	STREME-11	2.4e-002	NbT2T01g01161	13.84	tp	0
11-GACTCGAACTCRMAA	STREME-11	2.4e-002	NbT2T04g01409	13.84	tp	0
11-GACTCGAACTCRMAA	STREME-11	2.4e-002	NbT2T08g01785	13.73	tp	0
#
12-ATATATATATATAT	STREME-12	4.7e-002	NbT2T12g00411	20.69	tp	0
12-ATATATATATATAT	STREME-12	4.7e-002	NbT2T01g00562	20.69	tp	0
12-ATATATATATATAT	STREME-12	4.7e-002	NbT2T01g01692	20.69	tp	0
12-ATATATATATATAT	STREME-12	4.7e-002	NbT2T08g02764	20.69	tp	0
12-ATATATATATATAT	STREME-12	4.7e-002	NbT2T17g02422	20.69	tp	0
12-ATATATATATATAT	STREME-12	4.7e-002	NbT2T01g01161	20.69	tp	0
12-ATATATATATATAT	STREME-12	4.7e-002	NbT2T09g03257	20.69	tp	0
12-ATATATATATATAT	STREME-12	4.7e-002	NbT2T09g00131	20.69	tp	0
12-ATATATATATATAT	STREME-12	4.7e-002	NbT2T15g02726	20.69	tp	0
12-ATATATATATATAT	STREME-12	4.7e-002	NbT2T02g00901	20.69	tp	0
12-ATATATATATATAT	STREME-12	4.7e-002	NbT2T07g02215	20.69	tp	0
12-ATATATATATATAT	STREME-12	4.7e-002	NbT2T05g01822	20.69	tp	0
12-ATATATATATATAT	STREME-12	4.7e-002	NbT2T01g03190	20.69	tp	0
12-ATATATATATATAT	STREME-12	4.7e-002	NbT2T08g01556	20.69	tp	0
12-ATATATATATATAT	STREME-12	4.7e-002	NbT2T06g03483	20.69	tp	0
12-ATATATATATATAT	STREME-12	4.7e-002	NbT2T01g00335	20.69	tp	0
12-ATATATATATATAT	STREME-12	4.7e-002	NbT2T09g01241	20.69	tp	0
12-ATATATATATATAT	STREME-12	4.7e-002	NbT2T19g02793	20.69	tp	0
12-ATATATATATATAT	STREME-12	4.7e-002	NbT2T18g00028	20.69	tp	0
12-ATATATATATATAT	STREME-12	4.7e-002	NbT2T08g01785	20.69	tp	0
12-ATATATATATATAT	STREME-12	4.7e-002	NbT2T02g01931	20.69	tp	0
12-ATATATATATATAT	STREME-12	4.7e-002	NbT2T17g00064	20.69	tp	0
12-ATATATATATATAT	STREME-12	4.7e-002	NbT2T01g00562	20.69	fp	0
12-ATATATATATATAT	STREME-12	4.7e-002	NbT2T05g01822	20.69	fp	0
12-ATATATATATATAT	STREME-12	4.7e-002	NbT2T01g02463	20.69	tp	1
12-ATATATATATATAT	STREME-12	4.7e-002	NbT2T11g01999	20.69	tp	1
12-ATATATATATATAT	STREME-12	4.7e-002	NbT2T09g01731	20.69	tp	1
12-ATATATATATATAT	STREME-12	4.7e-002	NbT2T01g03158	20.69	tp	1
12-ATATATATATATAT	STREME-12	4.7e-002	NbT2T07g00990	20.69	tp	1
12-ATATATATATATAT	STREME-12	4.7e-002	NbT2T18g00028	20.69	fp	1
12-ATATATATATATAT	STREME-12	4.7e-002	NbT2T12g01743	18.33	tp	0
12-ATATATATATATAT	STREME-12	4.7e-002	NbT2T19g02788	18.33	tp	1
12-ATATATATATATAT	STREME-12	4.7e-002	NbT2T02g00611	17.35	tp	0
12-ATATATATATATAT	STREME-12	4.7e-002	NbT2T07g01705	17.27	tp	0
12-ATATATATATATAT	STREME-12	4.7e-002	NbT2T06g00810	16.87	tp	0
12-ATATATATATATAT	STREME-12	4.7e-002	NbT2T17g02818	16.51	tp	0
12-ATATATATATATAT	STREME-12	4.7e-002	NbT2T10g00231	16.15	tp	0
12-ATATATATATATAT	STREME-12	4.7e-002	NbT2T03g02126	15.72	tp	0
#
13-AAAAGGAAAAAAA	STREME-13	9.3e-002	NbT2T03g01046	17.25	tp	0
13-AAAAGGAAAAAAA	STREME-13	9.3e-002	NbT2T19g02246	17.25	tp	0
13-AAAAGGAAAAAAA	STREME-13	9.3e-002	NbT2T09g01241	17.25	tp	0
13-AAAAGGAAAAAAA	STREME-13	9.3e-002	NbT2T16g00912	17.25	tp	0
13-AAAAGGAAAAAAA	STREME-13	9.3e-002	NbT2T17g01182	17.25	tp	0
13-AAAAGGAAAAAAA	STREME-13	9.3e-002	NbT2T16g00565	17.25	tp	1
13-AAAAGGAAAAAAA	STREME-13	9.3e-002	NbT2T19g00730	16.81	tp	0
13-AAAAGGAAAAAAA	STREME-13	9.3e-002	NbT2T18g00028	16.81	tp	0
13-AAAAGGAAAAAAA	STREME-13	9.3e-002	NbT2T01g00655	16.33	tp	0
13-AAAAGGAAAAAAA	STREME-13	9.3e-002	NbT2T19g02717	16.33	tp	0
13-AAAAGGAAAAAAA	STREME-13	9.3e-002	NbT2T03g03655	16.33	tp	0
13-AAAAGGAAAAAAA	STREME-13	9.3e-002	NbT2T08g02609	16.27	tp	0
13-AAAAGGAAAAAAA	STREME-13	9.3e-002	NbT2T13g01456	16.22	tp	0
13-AAAAGGAAAAAAA	STREME-13	9.3e-002	NbT2T12g00877	16.22	tp	0
13-AAAAGGAAAAAAA	STREME-13	9.3e-002	NbT2T01g01161	16.19	tp	0
13-AAAAGGAAAAAAA	STREME-13	9.3e-002	NbT2T04g01409	15.86	fp	0
13-AAAAGGAAAAAAA	STREME-13	9.3e-002	NbT2T03g03785	15.78	tp	0
13-AAAAGGAAAAAAA	STREME-13	9.3e-002	NbT2T10g00098	15.78	tp	0
13-AAAAGGAAAAAAA	STREME-13	9.3e-002	NbT2T04g00730	15.78	fp	0
13-AAAAGGAAAAAAA	STREME-13	9.3e-002	NbT2T08g02764	15.77	tp	0
13-AAAAGGAAAAAAA	STREME-13	9.3e-002	NbT2T10g01002	15.77	tp	0
13-AAAAGGAAAAAAA	STREME-13	9.3e-002	NbT2T08g02766	15.44	tp	0
13-AAAAGGAAAAAAA	STREME-13	9.3e-002	NbT2T01g00521	15.32	tp	0
13-AAAAGGAAAAAAA	STREME-13	9.3e-002	NbT2T19g02788	15.32	tp	1
13-AAAAGGAAAAAAA	STREME-13	9.3e-002	NbT2T18g01044	15.32	tp	1
13-AAAAGGAAAAAAA	STREME-13	9.3e-002	NbT2T01g00335	15.24	tp	0
13-AAAAGGAAAAAAA	STREME-13	9.3e-002	NbT2T17g02818	15.10	tp	0
13-AAAAGGAAAAAAA	STREME-13	9.3e-002	NbT2T16g01156	14.94	tp	1
13-AAAAGGAAAAAAA	STREME-13	9.3e-002	NbT2T01g00655	14.93	fp	1
13-AAAAGGAAAAAAA	STREME-13	9.3e-002	NbT2T13g01366	14.88	tp	0
13-AAAAGGAAAAAAA	STREME-13	9.3e-002	NbT2T02g00611	14.88	tp	0
13-AAAAGGAAAAAAA	STREME-13	9.3e-002	NbT2T03g02868	14.84	tp	0
13-AAAAGGAAAAAAA	STREME-13	9.3e-002	NbT2T15g00659	14.84	tp	0
13-AAAAGGAAAAAAA	STREME-13	9.3e-002	NbT2T07g02512	14.62	tp	0
13-AAAAGGAAAAAAA	STREME-13	9.3e-002	NbT2T12g00878	14.62	tp	0
13-AAAAGGAAAAAAA	STREME-13	9.3e-002	NbT2T10g02131	14.54	tp	0
13-AAAAGGAAAAAAA	STREME-13	9.3e-002	NbT2T04g01409	14.46	tp	0
13-AAAAGGAAAAAAA	STREME-13	9.3e-002	NbT2T03g03638	14.40	tp	0
13-AAAAGGAAAAAAA	STREME-13	9.3e-002	NbT2T15g00899	14.38	tp	0
13-AAAAGGAAAAAAA	STREME-13	9.3e-002	NbT2T01g00656	14.33	tp	0
13-AAAAGGAAAAAAA	STREME-13	9.3e-002	NbT2T07g00525	14.33	tp	0
13-AAAAGGAAAAAAA	STREME-13	9.3e-002	NbT2T07g02943	14.33	tp	0
13-AAAAGGAAAAAAA	STREME-13	9.3e-002	NbT2T07g02215	14.33	tp	0
13-AAAAGGAAAAAAA	STREME-13	9.3e-002	NbT2T01g00067	14.33	tp	0
13-AAAAGGAAAAAAA	STREME-13	9.3e-002	NbT2T13g02451	14.33	fp	0
13-AAAAGGAAAAAAA	STREME-13	9.3e-002	NbT2T11g01999	14.33	tp	1
13-AAAAGGAAAAAAA	STREME-13	9.3e-002	NbT2T09g01886	14.29	tp	0
13-AAAAGGAAAAAAA	STREME-13	9.3e-002	NbT2T18g02379	14.29	tp	0
13-AAAAGGAAAAAAA	STREME-13	9.3e-002	NbT2T03g00061	14.29	tp	0
13-AAAAGGAAAAAAA	STREME-13	9.3e-002	NbT2T01g00067	14.27	fp	0
13-AAAAGGAAAAAAA	STREME-13	9.3e-002	NbT2T17g02422	14.15	tp	0
13-AAAAGGAAAAAAA	STREME-13	9.3e-002	NbT2T03g02940	14.07	tp	0
13-AAAAGGAAAAAAA	STREME-13	9.3e-002	NbT2T08g01711	14.06	tp	0
13-AAAAGGAAAAAAA	STREME-13	9.3e-002	NbT2T19g01746	14.06	tp	0
13-AAAAGGAAAAAAA	STREME-13	9.3e-002	NbT2T11g00664	14.02	tp	0
13-AAAAGGAAAAAAA	STREME-13	9.3e-002	NbT2T08g01556	13.96	tp	0
13-AAAAGGAAAAAAA	STREME-13	9.3e-002	NbT2T03g02126	13.96	tp	0
13-AAAAGGAAAAAAA	STREME-13	9.3e-002	NbT2T10g03043	13.89	tp	0
13-AAAAGGAAAAAAA	STREME-13	9.3e-002	NbT2T06g02616	13.89	tp	0
13-AAAAGGAAAAAAA	STREME-13	9.3e-002	NbT2T13g01542	13.88	tp	0
13-AAAAGGAAAAAAA	STREME-13	9.3e-002	NbT2T04g02554	13.82	tp	0
13-AAAAGGAAAAAAA	STREME-13	9.3e-002	NbT2T16g01388	13.77	tp	0
13-AAAAGGAAAAAAA	STREME-13	9.3e-002	NbT2T06g02328	13.77	tp	0
13-AAAAGGAAAAAAA	STREME-13	9.3e-002	NbT2T10g00231	13.63	tp	0
13-AAAAGGAAAAAAA	STREME-13	9.3e-002	NbT2T12g01335	13.44	fp	0
13-AAAAGGAAAAAAA	STREME-13	9.3e-002	NbT2T01g03190	13.32	tp	0
13-AAAAGGAAAAAAA	STREME-13	9.3e-002	NbT2T02g00142	13.30	tp	0
13-AAAAGGAAAAAAA	STREME-13	9.3e-002	NbT2T07g02552	13.30	tp	0
13-AAAAGGAAAAAAA	STREME-13	9.3e-002	NbT2T11g02230	13.30	tp	0
13-AAAAGGAAAAAAA	STREME-13	9.3e-002	NbT2T19g02793	13.29	tp	0
13-AAAAGGAAAAAAA	STREME-13	9.3e-002	NbT2T11g02161	13.26	tp	0
#
14-CAGTATARTCCCACA	STREME-14	3.0e-001	NbT2T01g00521	26.21	tp	0
14-CAGTATARTCCCACA	STREME-14	3.0e-001	NbT2T14g01276	26.21	tp	0
14-CAGTATARTCCCACA	STREME-14	3.0e-001	NbT2T10g01640	26.21	tp	0
14-CAGTATARTCCCACA	STREME-14	3.0e-001	NbT2T07g02215	26.21	tp	0
14-CAGTATARTCCCACA	STREME-14	3.0e-001	NbT2T07g02512	26.21	tp	0
14-CAGTATARTCCCACA	STREME-14	3.0e-001	NbT2T05g01822	26.21	tp	0
14-CAGTATARTCCCACA	STREME-14	3.0e-001	NbT2T11g01093	26.21	tp	0
14-CAGTATARTCCCACA	STREME-14	3.0e-001	NbT2T19g01610	26.21	tp	0
14-CAGTATARTCCCACA	STREME-14	3.0e-001	NbT2T18g01044	26.21	tp	1
14-CAGTATARTCCCACA	STREME-14	3.0e-001	NbT2T08g01556	25.79	tp	0
14-CAGTATARTCCCACA	STREME-14	3.0e-001	NbT2T06g02616	24.72	tp	0
14-CAGTATARTCCCACA	STREME-14	3.0e-001	NbT2T17g00017	23.13	tp	0
14-CAGTATARTCCCACA	STREME-14	3.0e-001	NbT2T10g03043	22.90	tp	0
14-CAGTATARTCCCACA	STREME-14	3.0e-001	NbT2T19g02723	22.62	tp	0
14-CAGTATARTCCCACA	STREME-14	3.0e-001	NbT2T01g00067	22.62	tp	0
14-CAGTATARTCCCACA	STREME-14	3.0e-001	NbT2T13g02451	22.62	tp	0
14-CAGTATARTCCCACA	STREME-14	3.0e-001	NbT2T09g02519	22.58	tp	0
14-CAGTATARTCCCACA	STREME-14	3.0e-001	NbT2T02g01928	22.36	tp	0
14-CAGTATARTCCCACA	STREME-14	3.0e-001	NbT2T10g02131	22.21	tp	0
14-CAGTATARTCCCACA	STREME-14	3.0e-001	NbT2T10g00098	22.21	tp	0
14-CAGTATARTCCCACA	STREME-14	3.0e-001	NbT2T04g00646	22.21	tp	0
14-CAGTATARTCCCACA	STREME-14	3.0e-001	NbT2T10g01426	22.18	tp	0
14-CAGTATARTCCCACA	STREME-14	3.0e-001	NbT2T18g00479	22.18	tp	1
14-CAGTATARTCCCACA	STREME-14	3.0e-001	NbT2T13g01366	21.03	tp	0
14-CAGTATARTCCCACA	STREME-14	3.0e-001	NbT2T01g00562	20.80	tp	0
14-CAGTATARTCCCACA	STREME-14	3.0e-001	NbT2T06g03483	20.80	tp	0
14-CAGTATARTCCCACA	STREME-14	3.0e-001	NbT2T07g00489	20.67	tp	0
14-CAGTATARTCCCACA	STREME-14	3.0e-001	NbT2T15g02642	20.50	tp	0
14-CAGTATARTCCCACA	STREME-14	3.0e-001	NbT2T12g01048	20.33	tp	0
14-CAGTATARTCCCACA	STREME-14	3.0e-001	NbT2T03g02940	20.28	tp	0
14-CAGTATARTCCCACA	STREME-14	3.0e-001	NbT2T08g02766	20.28	tp	0
14-CAGTATARTCCCACA	STREME-14	3.0e-001	NbT2T09g03257	19.61	tp	0
14-CAGTATARTCCCACA	STREME-14	3.0e-001	NbT2T10g02424	19.30	tp	0
14-CAGTATARTCCCACA	STREME-14	3.0e-001	NbT2T03g01542	18.53	tp	0
14-CAGTATARTCCCACA	STREME-14	3.0e-001	NbT2T10g00231	18.22	tp	0
14-CAGTATARTCCCACA	STREME-14	3.0e-001	NbT2T15g00899	17.82	tp	0
14-CAGTATARTCCCACA	STREME-14	3.0e-001	NbT2T02g01473	17.81	tp	0
14-CAGTATARTCCCACA	STREME-14	3.0e-001	NbT2T19g02714	17.78	tp	0
14-CAGTATARTCCCACA	STREME-14	3.0e-001	NbT2T08g01785	17.67	tp	0
14-CAGTATARTCCCACA	STREME-14	3.0e-001	NbT2T06g00810	17.65	tp	0
14-CAGTATARTCCCACA	STREME-14	3.0e-001	NbT2T18g00606	17.36	tp	0
14-CAGTATARTCCCACA	STREME-14	3.0e-001	NbT2T19g01746	17.30	tp	0
14-CAGTATARTCCCACA	STREME-14	3.0e-001	NbT2T19g02793	16.98	tp	0
14-CAGTATARTCCCACA	STREME-14	3.0e-001	NbT2T04g02932	16.43	tp	0
14-CAGTATARTCCCACA	STREME-14	3.0e-001	NbT2T06g02841	16.25	tp	0
14-CAGTATARTCCCACA	STREME-14	3.0e-001	NbT2T06g02841	16.12	fp	1
14-CAGTATARTCCCACA	STREME-14	3.0e-001	NbT2T16g02011	15.71	tp	0
14-CAGTATARTCCCACA	STREME-14	3.0e-001	NbT2T01g00335	15.37	tp	0
14-CAGTATARTCCCACA	STREME-14	3.0e-001	NbT2T06g00232	15.34	tp	0
14-CAGTATARTCCCACA	STREME-14	3.0e-001	NbT2T08g02764	14.33	tp	0
14-CAGTATARTCCCACA	STREME-14	3.0e-001	NbT2T01g02463	14.18	tp	1
14-CAGTATARTCCCACA	STREME-14	3.0e-001	NbT2T12g00411	14.15	tp	0
#
15-AAATAATATTA	STREME-15	3.6e-001	NbT2T01g00562	15.96	tp	0
15-AAATAATATTA	STREME-15	3.6e-001	NbT2T14g00237	15.96	tp	0
15-AAATAATATTA	STREME-15	3.6e-001	NbT2T14g00895	15.96	tp	0
15-AAATAATATTA	STREME-15	3.6e-001	NbT2T02g01930	15.96	tp	0
15-AAATAATATTA	STREME-15	3.6e-001	NbT2T04g02554	15.96	tp	0
15-AAATAATATTA	STREME-15	3.6e-001	NbT2T07g02944	15.96	tp	0
15-AAATAATATTA	STREME-15	3.6e-001	NbT2T04g01802	15.96	tp	0
15-AAATAATATTA	STREME-15	3.6e-001	NbT2T12g00878	15.96	tp	0
15-AAATAATATTA	STREME-15	3.6e-001	NbT2T12g00039	15.96	tp	0
15-AAATAATATTA	STREME-15	3.6e-001	NbT2T12g01576	15.96	tp	0
15-AAATAATATTA	STREME-15	3.6e-001	NbT2T04g00646	15.96	tp	0
15-AAATAATATTA	STREME-15	3.6e-001	NbT2T19g02714	15.96	tp	0
15-AAATAATATTA	STREME-15	3.6e-001	NbT2T09g02170	15.96	tp	0
15-AAATAATATTA	STREME-15	3.6e-001	NbT2T17g00064	15.96	tp	0
15-AAATAATATTA	STREME-15	3.6e-001	NbT2T17g02695	15.96	fp	0
15-AAATAATATTA	STREME-15	3.6e-001	NbT2T14g01504	15.17	tp	0
15-AAATAATATTA	STREME-15	3.6e-001	NbT2T01g00656	15.17	tp	0
15-AAATAATATTA	STREME-15	3.6e-001	NbT2T11g02568	15.17	tp	0
15-AAATAATATTA	STREME-15	3.6e-001	NbT2T19g02716	15.17	tp	0
15-AAATAATATTA	STREME-15	3.6e-001	NbT2T19g02788	15.17	tp	1
15-AAATAATATTA	STREME-15	3.6e-001	NbT2T16g01388	14.38	tp	0
15-AAATAATATTA	STREME-15	3.6e-001	NbT2T02g02615	14.38	tp	0
15-AAATAATATTA	STREME-15	3.6e-001	NbT2T07g02215	14.38	tp	0
15-AAATAATATTA	STREME-15	3.6e-001	NbT2T07g02856	14.38	tp	0
15-AAATAATATTA	STREME-15	3.6e-001	NbT2T02g00557	14.38	tp	0
15-AAATAATATTA	STREME-15	3.6e-001	NbT2T03g02126	14.38	fp	0
15-AAATAATATTA	STREME-15	3.6e-001	NbT2T06g00232	13.98	tp	0
15-AAATAATATTA	STREME-15	3.6e-001	NbT2T19g00730	13.92	tp	0
15-AAATAATATTA	STREME-15	3.6e-001	NbT2T01g00620	13.92	tp	0
15-AAATAATATTA	STREME-15	3.6e-001	NbT2T12g00877	13.92	tp	0
15-AAATAATATTA	STREME-15	3.6e-001	NbT2T16g01109	13.92	tp	0
15-AAATAATATTA	STREME-15	3.6e-001	NbT2T12g00877	13.92	fp	0
15-AAATAATATTA	STREME-15	3.6e-001	NbT2T06g02616	13.92	fp	0
15-AAATAATATTA	STREME-15	3.6e-001	NbT2T11g01124	13.91	tp	0
15-AAATAATATTA	STREME-15	3.6e-001	NbT2T03g02868	13.91	tp	0
15-AAATAATATTA	STREME-15	3.6e-001	NbT2T01g02789	13.91	tp	0
15-AAATAATATTA	STREME-15	3.6e-001	NbT2T17g02818	13.91	tp	0
15-AAATAATATTA	STREME-15	3.6e-001	NbT2T01g00664	13.91	fp	0
15-AAATAATATTA	STREME-15	3.6e-001	NbT2T02g00142	13.88	tp	0
15-AAATAATATTA	STREME-15	3.6e-001	NbT2T04g01772	13.88	tp	0
15-AAATAATATTA	STREME-15	3.6e-001	NbT2T17g02252	13.60	tp	0
15-AAATAATATTA	STREME-15	3.6e-001	NbT2T03g03638	13.60	tp	0
15-AAATAATATTA	STREME-15	3.6e-001	NbT2T07g02943	13.60	tp	0
15-AAATAATATTA	STREME-15	3.6e-001	NbT2T15g01835	13.60	tp	0
15-AAATAATATTA	STREME-15	3.6e-001	NbT2T07g02552	13.60	fp	0
15-AAATAATATTA	STREME-15	3.6e-001	NbT2T13g01542	13.60	fp	0
15-AAATAATATTA	STREME-15	3.6e-001	NbT2T15g01603	13.60	fp	0
15-AAATAATATTA	STREME-15	3.6e-001	NbT2T16g00565	13.12	tp	1
15-AAATAATATTA	STREME-15	3.6e-001	NbT2T07g00489	13.10	tp	0
15-AAATAATATTA	STREME-15	3.6e-001	NbT2T11g01093	13.10	tp	0
15-AAATAATATTA	STREME-15	3.6e-001	NbT2T09g02519	13.10	tp	0
15-AAATAATATTA	STREME-15	3.6e-001	NbT2T10g02424	13.10	tp	0
15-AAATAATATTA	STREME-15	3.6e-001	NbT2T16g01585	13.10	fp	0
15-AAATAATATTA	STREME-15	3.6e-001	NbT2T18g00479	12.99	fp	1
15-AAATAATATTA	STREME-15	3.6e-001	NbT2T07g00525	12.81	tp	0
15-AAATAATATTA	STREME-15	3.6e-001	NbT2T15g00291	12.81	tp	0
15-AAATAATATTA	STREME-15	3.6e-001	NbT2T18g00694	12.67	tp	0
15-AAATAATATTA	STREME-15	3.6e-001	NbT2T06g02328	12.67	tp	0
15-AAATAATATTA	STREME-15	3.6e-001	NbT2T02g01799	12.67	fp	0
15-AAATAATATTA	STREME-15	3.6e-001	NbT2T01g01266	12.33	tp	0
15-AAATAATATTA	STREME-15	3.6e-001	NbT2T07g02801	12.11	tp	0
15-AAATAATATTA	STREME-15	3.6e-001	NbT2T06g02012	12.11	tp	0
15-AAATAATATTA	STREME-15	3.6e-001	NbT2T03g01135	12.11	tp	0
15-AAATAATATTA	STREME-15	3.6e-001	NbT2T06g02616	12.11	tp	0
15-AAATAATATTA	STREME-15	3.6e-001	NbT2T18g02241	12.11	tp	0
15-AAATAATATTA	STREME-15	3.6e-001	NbT2T15g01487	12.11	tp	0
15-AAATAATATTA	STREME-15	3.6e-001	NbT2T11g02230	12.11	fp	0
15-AAATAATATTA	STREME-15	3.6e-001	NbT2T15g01809	12.11	fp	0
15-AAATAATATTA	STREME-15	3.6e-001	NbT2T15g01835	12.11	fp	0
15-AAATAATATTA	STREME-15	3.6e-001	NbT2T05g01867	12.11	fp	1
15-AAATAATATTA	STREME-15	3.6e-001	NbT2T01g00655	12.11	fp	1
15-AAATAATATTA	STREME-15	3.6e-001	NbT2T04g03023	12.02	tp	0
15-AAATAATATTA	STREME-15	3.6e-001	NbT2T03g00490	12.02	tp	0
15-AAATAATATTA	STREME-15	3.6e-001	NbT2T16g02011	12.02	tp	0
15-AAATAATATTA	STREME-15	3.6e-001	NbT2T03g03181	12.02	fp	0
15-AAATAATATTA	STREME-15	3.6e-001	NbT2T10g01002	12.02	tp	0
15-AAATAATATTA	STREME-15	3.6e-001	NbT2T16g00077	12.01	tp	0
15-AAATAATATTA	STREME-15	3.6e-001	NbT2T01g00281	12.01	tp	0
15-AAATAATATTA	STREME-15	3.6e-001	NbT2T03g01046	12.01	tp	0
15-AAATAATATTA	STREME-15	3.6e-001	NbT2T16g01992	12.01	tp	0
15-AAATAATATTA	STREME-15	3.6e-001	NbT2T01g00657	12.01	tp	0
15-AAATAATATTA	STREME-15	3.6e-001	NbT2T15g02642	12.01	tp	0
15-AAATAATATTA	STREME-15	3.6e-001	NbT2T01g00940	12.01	tp	0
15-AAATAATATTA	STREME-15	3.6e-001	NbT2T17g02695	12.01	tp	0
15-AAATAATATTA	STREME-15	3.6e-001	NbT2T16g01109	12.01	fp	0
15-AAATAATATTA	STREME-15	3.6e-001	NbT2T01g02789	12.01	fp	0
15-AAATAATATTA	STREME-15	3.6e-001	NbT2T09g01731	12.01	tp	1
15-AAATAATATTA	STREME-15	3.6e-001	NbT2T08g01553	12.01	fp	1
15-AAATAATATTA	STREME-15	3.6e-001	NbT2T07g02512	11.90	fp	0
15-AAATAATATTA	STREME-15	3.6e-001	NbT2T07g01744	11.87	tp	0
15-AAATAATATTA	STREME-15	3.6e-001	NbT2T07g01747	11.87	tp	0
15-AAATAATATTA	STREME-15	3.6e-001	NbT2T03g02126	11.87	tp	0
15-AAATAATATTA	STREME-15	3.6e-001	NbT2T19g02716	11.87	fp	0
15-AAATAATATTA	STREME-15	3.6e-001	NbT2T03g03785	11.87	fp	0
15-AAATAATATTA	STREME-15	3.6e-001	NbT2T01g00521	11.85	tp	0
15-AAATAATATTA	STREME-15	3.6e-001	NbT2T14g01276	11.85	tp	0
15-AAATAATATTA	STREME-15	3.6e-001	NbT2T07g01705	11.85	tp	0
15-AAATAATATTA	STREME-15	3.6e-001	NbT2T19g02723	11.85	tp	0
15-AAATAATATTA	STREME-15	3.6e-001	NbT2T09g02897	11.85	tp	0
15-AAATAATATTA	STREME-15	3.6e-001	NbT2T05g01822	11.85	tp	0
15-AAATAATATTA	STREME-15	3.6e-001	NbT2T01g00685	11.85	tp	0
15-AAATAATATTA	STREME-15	3.6e-001	NbT2T07g02552	11.85	tp	0
15-AAATAATATTA	STREME-15	3.6e-001	NbT2T12g01048	11.85	tp	0
15-AAATAATATTA	STREME-15	3.6e-001	NbT2T12g01743	11.85	tp	0
15-AAATAATATTA	STREME-15	3.6e-001	NbT2T16g00269	11.85	tp	0
15-AAATAATATTA	STREME-15	3.6e-001	NbT2T08g01785	11.85	tp	0
15-AAATAATATTA	STREME-15	3.6e-001	NbT2T10g00098	11.85	tp	0
15-AAATAATATTA	STREME-15	3.6e-001	NbT2T08g01785	11.85	fp	0
15-AAATAATATTA	STREME-15	3.6e-001	NbT2T11g02161	11.85	fp	0
15-AAATAATATTA	STREME-15	3.6e-001	NbT2T01g01225	11.85	fp	0
15-AAATAATATTA	STREME-15	3.6e-001	NbT2T02g00557	11.85	fp	0
15-AAATAATATTA	STREME-15	3.6e-001	NbT2T01g00940	11.85	fp	0
15-AAATAATATTA	STREME-15	3.6e-001	NbT2T11g01999	11.85	tp	1
15-AAATAATATTA	STREME-15	3.6e-001	NbT2T01g00414	11.85	tp	1
15-AAATAATATTA	STREME-15	3.6e-001	NbT2T10g01426	11.85	tp	0
15-AAATAATATTA	STREME-15	3.6e-001	NbT2T11g02230	11.78	tp	0
15-AAATAATATTA	STREME-15	3.6e-001	NbT2T02g00611	11.78	tp	0
15-AAATAATATTA	STREME-15	3.6e-001	NbT2T08g00946	11.78	tp	0
15-AAATAATATTA	STREME-15	3.6e-001	NbT2T05g01867	11.78	tp	0
15-AAATAATATTA	STREME-15	3.6e-001	NbT2T06g00810	11.78	tp	0
15-AAATAATATTA	STREME-15	3.6e-001	NbT2T15g01794	11.78	tp	0
15-AAATAATATTA	STREME-15	3.6e-001	NbT2T01g02292	11.78	tp	0
15-AAATAATATTA	STREME-15	3.6e-001	NbT2T03g01135	11.78	fp	0
15-AAATAATATTA	STREME-15	3.6e-001	NbT2T19g02717	11.78	fp	0
15-AAATAATATTA	STREME-15	3.6e-001	NbT2T02g01473	11.76	tp	0
15-AAATAATATTA	STREME-15	3.6e-001	NbT2T01g02463	11.76	tp	1
