motif_DB	motif_ID	motif_ALT_ID	seq_ID	FASTA_score	PWM_score	class
/users/fyp/fyp5/project/genome/motif_databases/ARABD/ArabidopsisDAPv1.meme	bHLH_tnt.bHLH31_col_m1	bHLH31	NbT2T19g00516	1231	554.044	fp
/users/fyp/fyp5/project/genome/motif_databases/ARABD/ArabidopsisDAPv1.meme	bHLH_tnt.bHLH31_col_m1	bHLH31	NbT2T06g02035	409	500.228	fp
/users/fyp/fyp5/project/genome/motif_databases/ARABD/ArabidopsisDAPv1.meme	bHLH_tnt.bHLH31_col_m1	bHLH31	NbT2T08g01582	578	500.061	fp
/users/fyp/fyp5/project/genome/motif_databases/ARABD/ArabidopsisDAPv1.meme	bHLH_tnt.bHLH31_col_m1	bHLH31	NbT2T07g02649	512	492.195	fp
/users/fyp/fyp5/project/genome/motif_databases/ARABD/ArabidopsisDAPv1.meme	bHLH_tnt.bHLH31_col_m1	bHLH31	NbT2T03g00294	175	383.941	fp
/users/fyp/fyp5/project/genome/motif_databases/ARABD/ArabidopsisDAPv1.meme	bHLH_tnt.bHLH31_col_m1	bHLH31	NbT2T19g02714	1277	305.138	fp
/users/fyp/fyp5/project/genome/motif_databases/ARABD/ArabidopsisDAPv1.meme	bHLH_tnt.bHLH31_col_m1	bHLH31	NbT2T19g02714	36	305.138	tp
/users/fyp/fyp5/project/genome/motif_databases/ARABD/ArabidopsisDAPv1.meme	bHLH_tnt.bHLH31_col_m1	bHLH31	NbT2T02g02615	167	155.226	fp
/users/fyp/fyp5/project/genome/motif_databases/ARABD/ArabidopsisDAPv1.meme	bHLH_tnt.bHLH31_col_m1	bHLH31	NbT2T02g02615	5	155.226	tp
/users/fyp/fyp5/project/genome/motif_databases/ARABD/ArabidopsisDAPv1.meme	bHLH_tnt.bHLH31_col_m1	bHLH31	NbT2T04g03328	312	115.775	fp
/users/fyp/fyp5/project/genome/motif_databases/ARABD/ArabidopsisDAPv1.meme	bHLH_tnt.bHLH31_col_m1	bHLH31	NbT2T07g00559	462	111.784	fp
/users/fyp/fyp5/project/genome/motif_databases/ARABD/ArabidopsisDAPv1.meme	bHLH_tnt.bHLH31_col_m1	bHLH31	NbT2T07g00558	461	107.32	fp
/users/fyp/fyp5/project/genome/motif_databases/ARABD/ArabidopsisDAPv1.meme	bHLH_tnt.bHLH31_col_m1	bHLH31	NbT2T02g02793	169	94.5255	fp
/users/fyp/fyp5/project/genome/motif_databases/ARABD/ArabidopsisDAPv1.meme	bHLH_tnt.bHLH31_col_m1	bHLH31	NbT2T17g01815	1143	84.2628	fp
/users/fyp/fyp5/project/genome/motif_databases/ARABD/ArabidopsisDAPv1.meme	bHLH_tnt.bHLH31_col_m1	bHLH31	NbT2T03g02868	226	78.8814	fp
/users/fyp/fyp5/project/genome/motif_databases/ARABD/ArabidopsisDAPv1.meme	bHLH_tnt.bHLH31_col_m1	bHLH31	NbT2T03g02868	7	78.8814	tp
/users/fyp/fyp5/project/genome/motif_databases/ARABD/ArabidopsisDAPv1.meme	bHLH_tnt.bHLH31_col_m1	bHLH31	NbT2T19g01731	1262	76.0351	fp
/users/fyp/fyp5/project/genome/motif_databases/ARABD/ArabidopsisDAPv1.meme	bHLH_tnt.bHLH31_col_m1	bHLH31	NbT2T07g02856	526	68.5705	fp
/users/fyp/fyp5/project/genome/motif_databases/ARABD/ArabidopsisDAPv1.meme	bHLH_tnt.bHLH31_col_m1	bHLH31	NbT2T11g02007	776	67.7129	fp
/users/fyp/fyp5/project/genome/motif_databases/ARABD/ArabidopsisDAPv1.meme	bHLH_tnt.bHLH31_col_m1	bHLH31	NbT2T17g02363	1154	60.0171	fp
/users/fyp/fyp5/project/genome/motif_databases/ARABD/ArabidopsisDAPv1.meme	bHLH_tnt.bHLH31_col_m1	bHLH31	NbT2T08g03212	618	58.0209	fp
/users/fyp/fyp5/project/genome/motif_databases/ARABD/ArabidopsisDAPv1.meme	bHLH_tnt.bHLH31_col_m1	bHLH31	NbT2T04g02400	291	52.4102	fp
/users/fyp/fyp5/project/genome/motif_databases/ARABD/ArabidopsisDAPv1.meme	bHLH_tnt.bHLH31_col_m1	bHLH31	NbT2T05g02526	369	50.8408	fp
/users/fyp/fyp5/project/genome/motif_databases/ARABD/ArabidopsisDAPv1.meme	bHLH_tnt.bHLH31_col_m1	bHLH31	NbT2T02g00142	108	50.2241	fp
/users/fyp/fyp5/project/genome/motif_databases/ARABD/ArabidopsisDAPv1.meme	bHLH_tnt.bHLH31_col_m1	bHLH31	NbT2T02g00142	3	50.2241	tp
/users/fyp/fyp5/project/genome/motif_databases/ARABD/ArabidopsisDAPv1.meme	bHLH_tnt.bHLH31_col_m1	bHLH31	NbT2T07g02494	503	46.3865	fp
/users/fyp/fyp5/project/genome/motif_databases/ARABD/ArabidopsisDAPv1.meme	bHLH_tnt.bHLH31_col_m1	bHLH31	NbT2T08g01461	573	45.8732	fp
/users/fyp/fyp5/project/genome/motif_databases/ARABD/ArabidopsisDAPv1.meme	bHLH_tnt.bHLH31_col_m1	bHLH31	NbT2T18g00701	1193	39.5403	fp
/users/fyp/fyp5/project/genome/motif_databases/ARABD/ArabidopsisDAPv1.meme	bHLH_tnt.bHLH31_col_m1	bHLH31	NbT2T16g01491	1072	36.3232	fp
/users/fyp/fyp5/project/genome/motif_databases/ARABD/ArabidopsisDAPv1.meme	bHLH_tnt.bHLH31_col_m1	bHLH31	NbT2T16g01491	26	36.3232	tp
/users/fyp/fyp5/project/genome/motif_databases/ARABD/ArabidopsisDAPv1.meme	bHLH_tnt.bHLH31_col_m1	bHLH31	NbT2T03g01997	213	35.7781	fp
/users/fyp/fyp5/project/genome/motif_databases/ARABD/ArabidopsisDAPv1.meme	bHLH_tnt.bHLH31_col_m1	bHLH31	NbT2T08g00995	564	32.9389	fp
/users/fyp/fyp5/project/genome/motif_databases/ARABD/ArabidopsisDAPv1.meme	bHLH_tnt.bHLH31_col_m1	bHLH31	NbT2T19g01544	1256	29.6657	fp
/users/fyp/fyp5/project/genome/motif_databases/ARABD/ArabidopsisDAPv1.meme	bHLH_tnt.bHLH31_col_m1	bHLH31	NbT2T15g01487	997	29.3537	fp
/users/fyp/fyp5/project/genome/motif_databases/ARABD/ArabidopsisDAPv1.meme	bHLH_tnt.bHLH31_col_m1	bHLH31	NbT2T15g01487	24	29.3537	tp
/users/fyp/fyp5/project/genome/motif_databases/ARABD/ArabidopsisDAPv1.meme	bHLH_tnt.bHLH31_col_m1	bHLH31	NbT2T07g02533	505	28.9189	fp
/users/fyp/fyp5/project/genome/motif_databases/ARABD/ArabidopsisDAPv1.meme	bHLH_tnt.bHLH31_col_m1	bHLH31	NbT2T04g01542	272	28.5638	fp
/users/fyp/fyp5/project/genome/motif_databases/ARABD/ArabidopsisDAPv1.meme	bHLH_tnt.bHLH31_col_m1	bHLH31	NbT2T05g02620	370	28.0875	fp
/users/fyp/fyp5/project/genome/motif_databases/ARABD/ArabidopsisDAPv1.meme	bHLH_tnt.bHLH31_col_m1	bHLH31	NbT2T18g00156	1179	28.059	fp
/users/fyp/fyp5/project/genome/motif_databases/ARABD/ArabidopsisDAPv1.meme	bHLH_tnt.bHLH31_col_m1	bHLH31	NbT2T16g00517	1038	25.9657	fp
/users/fyp/fyp5/project/genome/motif_databases/ARABD/ArabidopsisDAPv1.meme	bHLH_tnt.bHLH31_col_m1	bHLH31	NbT2T14g00188	920	24.2162	fp
/users/fyp/fyp5/project/genome/motif_databases/ARABD/ArabidopsisDAPv1.meme	bHLH_tnt.bHLH31_col_m1	bHLH31	NbT2T10g00378	693	23.9524	fp
/users/fyp/fyp5/project/genome/motif_databases/ARABD/ArabidopsisDAPv1.meme	bHLH_tnt.bHLH31_col_m1	bHLH31	NbT2T09g03065	680	21.0403	fp
/users/fyp/fyp5/project/genome/motif_databases/ARABD/ArabidopsisDAPv1.meme	bHLH_tnt.bHLH31_col_m1	bHLH31	NbT2T16g00882	1051	20.19	fp
/users/fyp/fyp5/project/genome/motif_databases/ARABD/ArabidopsisDAPv1.meme	bHLH_tnt.bHLH31_col_m1	bHLH31	NbT2T08g01785	584	19.8243	fp
/users/fyp/fyp5/project/genome/motif_databases/ARABD/ArabidopsisDAPv1.meme	bHLH_tnt.bHLH31_col_m1	bHLH31	NbT2T08g01785	17	19.8243	tp
/users/fyp/fyp5/project/genome/motif_databases/ARABD/ArabidopsisDAPv1.meme	bHLH_tnt.bHLH31_col_m1	bHLH31	NbT2T19g01427	1254	18.46	fp
/users/fyp/fyp5/project/genome/motif_databases/ARABD/ArabidopsisDAPv1.meme	bHLH_tnt.bHLH31_col_m1	bHLH31	NbT2T02g02105	158	17.9472	fp
/users/fyp/fyp5/project/genome/motif_databases/ARABD/ArabidopsisDAPv1.meme	bHLH_tnt.bHLH31_col_m1	bHLH31	NbT2T02g02105	4	17.9472	tp
#
/users/fyp/fyp5/project/genome/motif_databases/ARABD/ArabidopsisDAPv1.meme	bZIP_tnt.ABF2_col_v3a_m1	ABF2	NbT2T02g00193	110	2727.48	fp
/users/fyp/fyp5/project/genome/motif_databases/ARABD/ArabidopsisDAPv1.meme	bZIP_tnt.ABF2_col_v3a_m1	ABF2	NbT2T11g02007	776	1715.79	fp
/users/fyp/fyp5/project/genome/motif_databases/ARABD/ArabidopsisDAPv1.meme	bZIP_tnt.ABF2_col_v3a_m1	ABF2	NbT2T16g01491	1072	1027.67	fp
/users/fyp/fyp5/project/genome/motif_databases/ARABD/ArabidopsisDAPv1.meme	bZIP_tnt.ABF2_col_v3a_m1	ABF2	NbT2T16g01491	26	1027.67	tp
/users/fyp/fyp5/project/genome/motif_databases/ARABD/ArabidopsisDAPv1.meme	bZIP_tnt.ABF2_col_v3a_m1	ABF2	NbT2T10g01640	719	826.692	fp
/users/fyp/fyp5/project/genome/motif_databases/ARABD/ArabidopsisDAPv1.meme	bZIP_tnt.ABF2_col_v3a_m1	ABF2	NbT2T01g00905	69	804.041	fp
/users/fyp/fyp5/project/genome/motif_databases/ARABD/ArabidopsisDAPv1.meme	bZIP_tnt.ABF2_col_v3a_m1	ABF2	NbT2T02g02615	167	686.755	fp
/users/fyp/fyp5/project/genome/motif_databases/ARABD/ArabidopsisDAPv1.meme	bZIP_tnt.ABF2_col_v3a_m1	ABF2	NbT2T02g02615	5	686.755	tp
/users/fyp/fyp5/project/genome/motif_databases/ARABD/ArabidopsisDAPv1.meme	bZIP_tnt.ABF2_col_v3a_m1	ABF2	NbT2T07g00973	468	680.856	fp
/users/fyp/fyp5/project/genome/motif_databases/ARABD/ArabidopsisDAPv1.meme	bZIP_tnt.ABF2_col_v3a_m1	ABF2	NbT2T02g00734	121	616.295	fp
/users/fyp/fyp5/project/genome/motif_databases/ARABD/ArabidopsisDAPv1.meme	bZIP_tnt.ABF2_col_v3a_m1	ABF2	NbT2T03g02868	226	564.41	fp
/users/fyp/fyp5/project/genome/motif_databases/ARABD/ArabidopsisDAPv1.meme	bZIP_tnt.ABF2_col_v3a_m1	ABF2	NbT2T03g02868	7	564.41	tp
/users/fyp/fyp5/project/genome/motif_databases/ARABD/ArabidopsisDAPv1.meme	bZIP_tnt.ABF2_col_v3a_m1	ABF2	NbT2T19g02714	1277	517.039	fp
/users/fyp/fyp5/project/genome/motif_databases/ARABD/ArabidopsisDAPv1.meme	bZIP_tnt.ABF2_col_v3a_m1	ABF2	NbT2T19g02714	36	517.039	tp
/users/fyp/fyp5/project/genome/motif_databases/ARABD/ArabidopsisDAPv1.meme	bZIP_tnt.ABF2_col_v3a_m1	ABF2	NbT2T08g01928	588	496.547	fp
/users/fyp/fyp5/project/genome/motif_databases/ARABD/ArabidopsisDAPv1.meme	bZIP_tnt.ABF2_col_v3a_m1	ABF2	NbT2T07g02533	505	475.72	fp
/users/fyp/fyp5/project/genome/motif_databases/ARABD/ArabidopsisDAPv1.meme	bZIP_tnt.ABF2_col_v3a_m1	ABF2	NbT2T08g01461	573	379.612	fp
/users/fyp/fyp5/project/genome/motif_databases/ARABD/ArabidopsisDAPv1.meme	bZIP_tnt.ABF2_col_v3a_m1	ABF2	NbT2T02g02793	169	306.838	fp
/users/fyp/fyp5/project/genome/motif_databases/ARABD/ArabidopsisDAPv1.meme	bZIP_tnt.ABF2_col_v3a_m1	ABF2	NbT2T09g02056	654	252.355	fp
/users/fyp/fyp5/project/genome/motif_databases/ARABD/ArabidopsisDAPv1.meme	bZIP_tnt.ABF2_col_v3a_m1	ABF2	NbT2T13g00181	872	225.217	fp
/users/fyp/fyp5/project/genome/motif_databases/ARABD/ArabidopsisDAPv1.meme	bZIP_tnt.ABF2_col_v3a_m1	ABF2	NbT2T11g00356	742	212.296	fp
/users/fyp/fyp5/project/genome/motif_databases/ARABD/ArabidopsisDAPv1.meme	bZIP_tnt.ABF2_col_v3a_m1	ABF2	NbT2T11g00356	20	212.296	tp
/users/fyp/fyp5/project/genome/motif_databases/ARABD/ArabidopsisDAPv1.meme	bZIP_tnt.ABF2_col_v3a_m1	ABF2	NbT2T13g01209	890	185.156	fp
/users/fyp/fyp5/project/genome/motif_databases/ARABD/ArabidopsisDAPv1.meme	bZIP_tnt.ABF2_col_v3a_m1	ABF2	NbT2T13g00918	887	174.82	fp
/users/fyp/fyp5/project/genome/motif_databases/ARABD/ArabidopsisDAPv1.meme	bZIP_tnt.ABF2_col_v3a_m1	ABF2	NbT2T15g01487	997	169.713	fp
/users/fyp/fyp5/project/genome/motif_databases/ARABD/ArabidopsisDAPv1.meme	bZIP_tnt.ABF2_col_v3a_m1	ABF2	NbT2T15g01487	24	169.713	tp
/users/fyp/fyp5/project/genome/motif_databases/ARABD/ArabidopsisDAPv1.meme	bZIP_tnt.ABF2_col_v3a_m1	ABF2	NbT2T10g00378	693	159.531	fp
/users/fyp/fyp5/project/genome/motif_databases/ARABD/ArabidopsisDAPv1.meme	bZIP_tnt.ABF2_col_v3a_m1	ABF2	NbT2T14g00659	933	152.922	fp
/users/fyp/fyp5/project/genome/motif_databases/ARABD/ArabidopsisDAPv1.meme	bZIP_tnt.ABF2_col_v3a_m1	ABF2	NbT2T03g00294	175	140.532	fp
/users/fyp/fyp5/project/genome/motif_databases/ARABD/ArabidopsisDAPv1.meme	bZIP_tnt.ABF2_col_v3a_m1	ABF2	NbT2T02g00142	108	118.436	fp
/users/fyp/fyp5/project/genome/motif_databases/ARABD/ArabidopsisDAPv1.meme	bZIP_tnt.ABF2_col_v3a_m1	ABF2	NbT2T02g00142	3	118.436	tp
#
/users/fyp/fyp5/project/genome/motif_databases/ARABD/ArabidopsisDAPv1.meme	bZIP_tnt.ABI5_col_v3h_m1	ABI5	NbT2T02g00193	110	2172.76	fp
/users/fyp/fyp5/project/genome/motif_databases/ARABD/ArabidopsisDAPv1.meme	bZIP_tnt.ABI5_col_v3h_m1	ABI5	NbT2T11g02007	776	1787.02	fp
/users/fyp/fyp5/project/genome/motif_databases/ARABD/ArabidopsisDAPv1.meme	bZIP_tnt.ABI5_col_v3h_m1	ABI5	NbT2T01g00905	69	1564.6	fp
/users/fyp/fyp5/project/genome/motif_databases/ARABD/ArabidopsisDAPv1.meme	bZIP_tnt.ABI5_col_v3h_m1	ABI5	NbT2T02g00734	121	1122.69	fp
/users/fyp/fyp5/project/genome/motif_databases/ARABD/ArabidopsisDAPv1.meme	bZIP_tnt.ABI5_col_v3h_m1	ABI5	NbT2T02g02615	167	730.547	fp
/users/fyp/fyp5/project/genome/motif_databases/ARABD/ArabidopsisDAPv1.meme	bZIP_tnt.ABI5_col_v3h_m1	ABI5	NbT2T02g02615	5	730.547	tp
/users/fyp/fyp5/project/genome/motif_databases/ARABD/ArabidopsisDAPv1.meme	bZIP_tnt.ABI5_col_v3h_m1	ABI5	NbT2T13g00181	872	655.477	fp
/users/fyp/fyp5/project/genome/motif_databases/ARABD/ArabidopsisDAPv1.meme	bZIP_tnt.ABI5_col_v3h_m1	ABI5	NbT2T19g02714	1277	630.343	fp
/users/fyp/fyp5/project/genome/motif_databases/ARABD/ArabidopsisDAPv1.meme	bZIP_tnt.ABI5_col_v3h_m1	ABI5	NbT2T19g02714	36	630.343	tp
/users/fyp/fyp5/project/genome/motif_databases/ARABD/ArabidopsisDAPv1.meme	bZIP_tnt.ABI5_col_v3h_m1	ABI5	NbT2T03g02868	226	448.454	fp
/users/fyp/fyp5/project/genome/motif_databases/ARABD/ArabidopsisDAPv1.meme	bZIP_tnt.ABI5_col_v3h_m1	ABI5	NbT2T03g02868	7	448.454	tp
/users/fyp/fyp5/project/genome/motif_databases/ARABD/ArabidopsisDAPv1.meme	bZIP_tnt.ABI5_col_v3h_m1	ABI5	NbT2T15g01487	997	351.678	fp
/users/fyp/fyp5/project/genome/motif_databases/ARABD/ArabidopsisDAPv1.meme	bZIP_tnt.ABI5_col_v3h_m1	ABI5	NbT2T15g01487	24	351.678	tp
/users/fyp/fyp5/project/genome/motif_databases/ARABD/ArabidopsisDAPv1.meme	bZIP_tnt.ABI5_col_v3h_m1	ABI5	NbT2T16g01491	1072	343.388	fp
/users/fyp/fyp5/project/genome/motif_databases/ARABD/ArabidopsisDAPv1.meme	bZIP_tnt.ABI5_col_v3h_m1	ABI5	NbT2T16g01491	26	343.388	tp
/users/fyp/fyp5/project/genome/motif_databases/ARABD/ArabidopsisDAPv1.meme	bZIP_tnt.ABI5_col_v3h_m1	ABI5	NbT2T07g02533	505	307.651	fp
/users/fyp/fyp5/project/genome/motif_databases/ARABD/ArabidopsisDAPv1.meme	bZIP_tnt.ABI5_col_v3h_m1	ABI5	NbT2T08g01461	573	271.963	fp
/users/fyp/fyp5/project/genome/motif_databases/ARABD/ArabidopsisDAPv1.meme	bZIP_tnt.ABI5_col_v3h_m1	ABI5	NbT2T10g01640	719	266.048	fp
/users/fyp/fyp5/project/genome/motif_databases/ARABD/ArabidopsisDAPv1.meme	bZIP_tnt.ABI5_col_v3h_m1	ABI5	NbT2T02g00142	108	254.212	fp
/users/fyp/fyp5/project/genome/motif_databases/ARABD/ArabidopsisDAPv1.meme	bZIP_tnt.ABI5_col_v3h_m1	ABI5	NbT2T02g00142	3	254.212	tp
#
/users/fyp/fyp5/project/genome/motif_databases/ARABD/ArabidopsisDAPv1.meme	bZIP_tnt.ABI5_colamp_v3b_m1	ABI5	NbT2T02g00734	121	2403.52	fp
/users/fyp/fyp5/project/genome/motif_databases/ARABD/ArabidopsisDAPv1.meme	bZIP_tnt.ABI5_colamp_v3b_m1	ABI5	NbT2T11g02007	776	2301.08	fp
/users/fyp/fyp5/project/genome/motif_databases/ARABD/ArabidopsisDAPv1.meme	bZIP_tnt.ABI5_colamp_v3b_m1	ABI5	NbT2T02g00193	110	1373.23	fp
/users/fyp/fyp5/project/genome/motif_databases/ARABD/ArabidopsisDAPv1.meme	bZIP_tnt.ABI5_colamp_v3b_m1	ABI5	NbT2T01g00905	69	1310.57	fp
/users/fyp/fyp5/project/genome/motif_databases/ARABD/ArabidopsisDAPv1.meme	bZIP_tnt.ABI5_colamp_v3b_m1	ABI5	NbT2T13g00181	872	1027.74	fp
/users/fyp/fyp5/project/genome/motif_databases/ARABD/ArabidopsisDAPv1.meme	bZIP_tnt.ABI5_colamp_v3b_m1	ABI5	NbT2T03g02868	226	439.705	fp
/users/fyp/fyp5/project/genome/motif_databases/ARABD/ArabidopsisDAPv1.meme	bZIP_tnt.ABI5_colamp_v3b_m1	ABI5	NbT2T03g02868	7	439.705	tp
/users/fyp/fyp5/project/genome/motif_databases/ARABD/ArabidopsisDAPv1.meme	bZIP_tnt.ABI5_colamp_v3b_m1	ABI5	NbT2T02g02615	167	429.514	fp
/users/fyp/fyp5/project/genome/motif_databases/ARABD/ArabidopsisDAPv1.meme	bZIP_tnt.ABI5_colamp_v3b_m1	ABI5	NbT2T02g02615	5	429.514	tp
/users/fyp/fyp5/project/genome/motif_databases/ARABD/ArabidopsisDAPv1.meme	bZIP_tnt.ABI5_colamp_v3b_m1	ABI5	NbT2T19g02714	1277	336.934	fp
/users/fyp/fyp5/project/genome/motif_databases/ARABD/ArabidopsisDAPv1.meme	bZIP_tnt.ABI5_colamp_v3b_m1	ABI5	NbT2T19g02714	36	336.934	tp
/users/fyp/fyp5/project/genome/motif_databases/ARABD/ArabidopsisDAPv1.meme	bZIP_tnt.ABI5_colamp_v3b_m1	ABI5	NbT2T07g02533	505	336.539	fp
/users/fyp/fyp5/project/genome/motif_databases/ARABD/ArabidopsisDAPv1.meme	bZIP_tnt.ABI5_colamp_v3b_m1	ABI5	NbT2T16g01491	1072	257.624	fp
/users/fyp/fyp5/project/genome/motif_databases/ARABD/ArabidopsisDAPv1.meme	bZIP_tnt.ABI5_colamp_v3b_m1	ABI5	NbT2T16g01491	26	257.624	tp
/users/fyp/fyp5/project/genome/motif_databases/ARABD/ArabidopsisDAPv1.meme	bZIP_tnt.ABI5_colamp_v3b_m1	ABI5	NbT2T17g02363	1154	257.459	fp
/users/fyp/fyp5/project/genome/motif_databases/ARABD/ArabidopsisDAPv1.meme	bZIP_tnt.ABI5_colamp_v3b_m1	ABI5	NbT2T02g00142	108	225.666	fp
/users/fyp/fyp5/project/genome/motif_databases/ARABD/ArabidopsisDAPv1.meme	bZIP_tnt.ABI5_colamp_v3b_m1	ABI5	NbT2T02g00142	3	225.666	tp
/users/fyp/fyp5/project/genome/motif_databases/ARABD/ArabidopsisDAPv1.meme	bZIP_tnt.ABI5_colamp_v3b_m1	ABI5	NbT2T08g01461	573	215.333	fp
/users/fyp/fyp5/project/genome/motif_databases/ARABD/ArabidopsisDAPv1.meme	bZIP_tnt.ABI5_colamp_v3b_m1	ABI5	NbT2T10g01640	719	192.365	fp
/users/fyp/fyp5/project/genome/motif_databases/ARABD/ArabidopsisDAPv1.meme	bZIP_tnt.ABI5_colamp_v3b_m1	ABI5	NbT2T15g01487	997	189.268	fp
/users/fyp/fyp5/project/genome/motif_databases/ARABD/ArabidopsisDAPv1.meme	bZIP_tnt.ABI5_colamp_v3b_m1	ABI5	NbT2T15g01487	24	189.268	tp
#
/users/fyp/fyp5/project/genome/motif_databases/ARABD/ArabidopsisDAPv1.meme	bZIP_tnt.AREB3_col_v31_m1	AREB3	NbT2T02g00734	121	1870.78	fp
/users/fyp/fyp5/project/genome/motif_databases/ARABD/ArabidopsisDAPv1.meme	bZIP_tnt.AREB3_col_v31_m1	AREB3	NbT2T11g02007	776	1334.87	fp
/users/fyp/fyp5/project/genome/motif_databases/ARABD/ArabidopsisDAPv1.meme	bZIP_tnt.AREB3_col_v31_m1	AREB3	NbT2T02g02615	167	1238.05	fp
/users/fyp/fyp5/project/genome/motif_databases/ARABD/ArabidopsisDAPv1.meme	bZIP_tnt.AREB3_col_v31_m1	AREB3	NbT2T02g02615	5	1238.05	tp
/users/fyp/fyp5/project/genome/motif_databases/ARABD/ArabidopsisDAPv1.meme	bZIP_tnt.AREB3_col_v31_m1	AREB3	NbT2T02g00193	110	951.462	fp
/users/fyp/fyp5/project/genome/motif_databases/ARABD/ArabidopsisDAPv1.meme	bZIP_tnt.AREB3_col_v31_m1	AREB3	NbT2T03g02868	226	922.829	fp
/users/fyp/fyp5/project/genome/motif_databases/ARABD/ArabidopsisDAPv1.meme	bZIP_tnt.AREB3_col_v31_m1	AREB3	NbT2T03g02868	7	922.829	tp
/users/fyp/fyp5/project/genome/motif_databases/ARABD/ArabidopsisDAPv1.meme	bZIP_tnt.AREB3_col_v31_m1	AREB3	NbT2T19g02714	1277	743.478	fp
/users/fyp/fyp5/project/genome/motif_databases/ARABD/ArabidopsisDAPv1.meme	bZIP_tnt.AREB3_col_v31_m1	AREB3	NbT2T19g02714	36	743.478	tp
/users/fyp/fyp5/project/genome/motif_databases/ARABD/ArabidopsisDAPv1.meme	bZIP_tnt.AREB3_col_v31_m1	AREB3	NbT2T13g00181	872	617.876	fp
/users/fyp/fyp5/project/genome/motif_databases/ARABD/ArabidopsisDAPv1.meme	bZIP_tnt.AREB3_col_v31_m1	AREB3	NbT2T15g01487	997	598.442	fp
/users/fyp/fyp5/project/genome/motif_databases/ARABD/ArabidopsisDAPv1.meme	bZIP_tnt.AREB3_col_v31_m1	AREB3	NbT2T15g01487	24	598.442	tp
/users/fyp/fyp5/project/genome/motif_databases/ARABD/ArabidopsisDAPv1.meme	bZIP_tnt.AREB3_col_v31_m1	AREB3	NbT2T07g02533	505	579.007	fp
/users/fyp/fyp5/project/genome/motif_databases/ARABD/ArabidopsisDAPv1.meme	bZIP_tnt.AREB3_col_v31_m1	AREB3	NbT2T02g02793	169	553.478	fp
/users/fyp/fyp5/project/genome/motif_databases/ARABD/ArabidopsisDAPv1.meme	bZIP_tnt.AREB3_col_v31_m1	AREB3	NbT2T08g01928	588	529.936	fp
/users/fyp/fyp5/project/genome/motif_databases/ARABD/ArabidopsisDAPv1.meme	bZIP_tnt.AREB3_col_v31_m1	AREB3	NbT2T08g01461	573	510.178	fp
/users/fyp/fyp5/project/genome/motif_databases/ARABD/ArabidopsisDAPv1.meme	bZIP_tnt.AREB3_col_v31_m1	AREB3	NbT2T01g00905	69	408.294	fp
/users/fyp/fyp5/project/genome/motif_databases/ARABD/ArabidopsisDAPv1.meme	bZIP_tnt.AREB3_col_v31_m1	AREB3	NbT2T14g00659	933	379.908	fp
/users/fyp/fyp5/project/genome/motif_databases/ARABD/ArabidopsisDAPv1.meme	bZIP_tnt.AREB3_col_v31_m1	AREB3	NbT2T07g00973	468	345.575	fp
/users/fyp/fyp5/project/genome/motif_databases/ARABD/ArabidopsisDAPv1.meme	bZIP_tnt.AREB3_col_v31_m1	AREB3	NbT2T10g01640	719	344.018	fp
/users/fyp/fyp5/project/genome/motif_databases/ARABD/ArabidopsisDAPv1.meme	bZIP_tnt.AREB3_col_v31_m1	AREB3	NbT2T13g01209	890	335.977	fp
/users/fyp/fyp5/project/genome/motif_databases/ARABD/ArabidopsisDAPv1.meme	bZIP_tnt.AREB3_col_v31_m1	AREB3	NbT2T02g00142	108	280.136	fp
/users/fyp/fyp5/project/genome/motif_databases/ARABD/ArabidopsisDAPv1.meme	bZIP_tnt.AREB3_col_v31_m1	AREB3	NbT2T02g00142	3	280.136	tp
/users/fyp/fyp5/project/genome/motif_databases/ARABD/ArabidopsisDAPv1.meme	bZIP_tnt.AREB3_col_v31_m1	AREB3	NbT2T17g02363	1154	228.156	fp
/users/fyp/fyp5/project/genome/motif_databases/ARABD/ArabidopsisDAPv1.meme	bZIP_tnt.AREB3_col_v31_m1	AREB3	NbT2T03g00294	175	224.759	fp
/users/fyp/fyp5/project/genome/motif_databases/ARABD/ArabidopsisDAPv1.meme	bZIP_tnt.AREB3_col_v31_m1	AREB3	NbT2T16g01491	1072	189.577	fp
/users/fyp/fyp5/project/genome/motif_databases/ARABD/ArabidopsisDAPv1.meme	bZIP_tnt.AREB3_col_v31_m1	AREB3	NbT2T16g01491	26	189.577	tp
#
/users/fyp/fyp5/project/genome/motif_databases/ARABD/ArabidopsisDAPv1.meme	bZIP_tnt.AREB3_colamp_a_m1	AREB3	NbT2T02g00734	121	1965.65	fp
/users/fyp/fyp5/project/genome/motif_databases/ARABD/ArabidopsisDAPv1.meme	bZIP_tnt.AREB3_colamp_a_m1	AREB3	NbT2T11g02007	776	1436.33	fp
/users/fyp/fyp5/project/genome/motif_databases/ARABD/ArabidopsisDAPv1.meme	bZIP_tnt.AREB3_colamp_a_m1	AREB3	NbT2T02g02615	167	1327.1	fp
/users/fyp/fyp5/project/genome/motif_databases/ARABD/ArabidopsisDAPv1.meme	bZIP_tnt.AREB3_colamp_a_m1	AREB3	NbT2T02g02615	5	1327.1	tp
/users/fyp/fyp5/project/genome/motif_databases/ARABD/ArabidopsisDAPv1.meme	bZIP_tnt.AREB3_colamp_a_m1	AREB3	NbT2T02g00193	110	1062.21	fp
/users/fyp/fyp5/project/genome/motif_databases/ARABD/ArabidopsisDAPv1.meme	bZIP_tnt.AREB3_colamp_a_m1	AREB3	NbT2T03g02868	226	773.583	fp
/users/fyp/fyp5/project/genome/motif_databases/ARABD/ArabidopsisDAPv1.meme	bZIP_tnt.AREB3_colamp_a_m1	AREB3	NbT2T03g02868	7	773.583	tp
/users/fyp/fyp5/project/genome/motif_databases/ARABD/ArabidopsisDAPv1.meme	bZIP_tnt.AREB3_colamp_a_m1	AREB3	NbT2T19g02714	1277	669.415	fp
/users/fyp/fyp5/project/genome/motif_databases/ARABD/ArabidopsisDAPv1.meme	bZIP_tnt.AREB3_colamp_a_m1	AREB3	NbT2T19g02714	36	669.415	tp
/users/fyp/fyp5/project/genome/motif_databases/ARABD/ArabidopsisDAPv1.meme	bZIP_tnt.AREB3_colamp_a_m1	AREB3	NbT2T13g00181	872	657.979	fp
/users/fyp/fyp5/project/genome/motif_databases/ARABD/ArabidopsisDAPv1.meme	bZIP_tnt.AREB3_colamp_a_m1	AREB3	NbT2T15g01487	997	657.466	fp
/users/fyp/fyp5/project/genome/motif_databases/ARABD/ArabidopsisDAPv1.meme	bZIP_tnt.AREB3_colamp_a_m1	AREB3	NbT2T15g01487	24	657.466	tp
/users/fyp/fyp5/project/genome/motif_databases/ARABD/ArabidopsisDAPv1.meme	bZIP_tnt.AREB3_colamp_a_m1	AREB3	NbT2T07g02533	505	641.653	fp
/users/fyp/fyp5/project/genome/motif_databases/ARABD/ArabidopsisDAPv1.meme	bZIP_tnt.AREB3_colamp_a_m1	AREB3	NbT2T02g02793	169	636.654	fp
/users/fyp/fyp5/project/genome/motif_databases/ARABD/ArabidopsisDAPv1.meme	bZIP_tnt.AREB3_colamp_a_m1	AREB3	NbT2T08g01928	588	596.647	fp
/users/fyp/fyp5/project/genome/motif_databases/ARABD/ArabidopsisDAPv1.meme	bZIP_tnt.AREB3_colamp_a_m1	AREB3	NbT2T08g01461	573	545.541	fp
/users/fyp/fyp5/project/genome/motif_databases/ARABD/ArabidopsisDAPv1.meme	bZIP_tnt.AREB3_colamp_a_m1	AREB3	NbT2T01g00905	69	442.382	fp
/users/fyp/fyp5/project/genome/motif_databases/ARABD/ArabidopsisDAPv1.meme	bZIP_tnt.AREB3_colamp_a_m1	AREB3	NbT2T07g00973	468	413.084	fp
/users/fyp/fyp5/project/genome/motif_databases/ARABD/ArabidopsisDAPv1.meme	bZIP_tnt.AREB3_colamp_a_m1	AREB3	NbT2T14g00659	933	410.862	fp
/users/fyp/fyp5/project/genome/motif_databases/ARABD/ArabidopsisDAPv1.meme	bZIP_tnt.AREB3_colamp_a_m1	AREB3	NbT2T13g01209	890	368.053	fp
/users/fyp/fyp5/project/genome/motif_databases/ARABD/ArabidopsisDAPv1.meme	bZIP_tnt.AREB3_colamp_a_m1	AREB3	NbT2T10g01640	719	357.469	fp
/users/fyp/fyp5/project/genome/motif_databases/ARABD/ArabidopsisDAPv1.meme	bZIP_tnt.AREB3_colamp_a_m1	AREB3	NbT2T16g01491	1072	252.711	fp
/users/fyp/fyp5/project/genome/motif_databases/ARABD/ArabidopsisDAPv1.meme	bZIP_tnt.AREB3_colamp_a_m1	AREB3	NbT2T16g01491	26	252.711	tp
/users/fyp/fyp5/project/genome/motif_databases/ARABD/ArabidopsisDAPv1.meme	bZIP_tnt.AREB3_colamp_a_m1	AREB3	NbT2T02g00142	108	221.077	fp
/users/fyp/fyp5/project/genome/motif_databases/ARABD/ArabidopsisDAPv1.meme	bZIP_tnt.AREB3_colamp_a_m1	AREB3	NbT2T02g00142	3	221.077	tp
#
/users/fyp/fyp5/project/genome/motif_databases/ARABD/ArabidopsisDAPv1.meme	bZIP_tnt.GBF3_col_m1	GBF3	NbT2T01g00905	69	4055.2	fp
/users/fyp/fyp5/project/genome/motif_databases/ARABD/ArabidopsisDAPv1.meme	bZIP_tnt.GBF3_col_m1	GBF3	NbT2T02g00734	121	2689.77	fp
/users/fyp/fyp5/project/genome/motif_databases/ARABD/ArabidopsisDAPv1.meme	bZIP_tnt.GBF3_col_m1	GBF3	NbT2T11g02007	776	873.978	fp
/users/fyp/fyp5/project/genome/motif_databases/ARABD/ArabidopsisDAPv1.meme	bZIP_tnt.GBF3_col_m1	GBF3	NbT2T13g00181	872	699.729	fp
/users/fyp/fyp5/project/genome/motif_databases/ARABD/ArabidopsisDAPv1.meme	bZIP_tnt.GBF3_col_m1	GBF3	NbT2T02g00193	110	616.128	fp
/users/fyp/fyp5/project/genome/motif_databases/ARABD/ArabidopsisDAPv1.meme	bZIP_tnt.GBF3_col_m1	GBF3	NbT2T17g02363	1154	470.535	fp
/users/fyp/fyp5/project/genome/motif_databases/ARABD/ArabidopsisDAPv1.meme	bZIP_tnt.GBF3_col_m1	GBF3	NbT2T03g02868	226	296.073	fp
/users/fyp/fyp5/project/genome/motif_databases/ARABD/ArabidopsisDAPv1.meme	bZIP_tnt.GBF3_col_m1	GBF3	NbT2T03g02868	7	296.073	tp
/users/fyp/fyp5/project/genome/motif_databases/ARABD/ArabidopsisDAPv1.meme	bZIP_tnt.GBF3_col_m1	GBF3	NbT2T11g02161	782	172.287	fp
/users/fyp/fyp5/project/genome/motif_databases/ARABD/ArabidopsisDAPv1.meme	bZIP_tnt.GBF3_col_m1	GBF3	NbT2T19g02714	1277	165.734	fp
/users/fyp/fyp5/project/genome/motif_databases/ARABD/ArabidopsisDAPv1.meme	bZIP_tnt.GBF3_col_m1	GBF3	NbT2T19g02714	36	165.734	tp
/users/fyp/fyp5/project/genome/motif_databases/ARABD/ArabidopsisDAPv1.meme	bZIP_tnt.GBF3_col_m1	GBF3	NbT2T16g01491	1072	157.519	fp
/users/fyp/fyp5/project/genome/motif_databases/ARABD/ArabidopsisDAPv1.meme	bZIP_tnt.GBF3_col_m1	GBF3	NbT2T16g01491	26	157.519	tp
/users/fyp/fyp5/project/genome/motif_databases/ARABD/ArabidopsisDAPv1.meme	bZIP_tnt.GBF3_col_m1	GBF3	NbT2T11g00356	742	154.118	fp
/users/fyp/fyp5/project/genome/motif_databases/ARABD/ArabidopsisDAPv1.meme	bZIP_tnt.GBF3_col_m1	GBF3	NbT2T11g00356	20	154.118	tp
/users/fyp/fyp5/project/genome/motif_databases/ARABD/ArabidopsisDAPv1.meme	bZIP_tnt.GBF3_col_m1	GBF3	NbT2T02g00142	108	145.654	fp
/users/fyp/fyp5/project/genome/motif_databases/ARABD/ArabidopsisDAPv1.meme	bZIP_tnt.GBF3_col_m1	GBF3	NbT2T02g00142	3	145.654	tp
/users/fyp/fyp5/project/genome/motif_databases/ARABD/ArabidopsisDAPv1.meme	bZIP_tnt.GBF3_col_m1	GBF3	NbT2T07g02533	505	104.882	fp
/users/fyp/fyp5/project/genome/motif_databases/ARABD/ArabidopsisDAPv1.meme	bZIP_tnt.GBF3_col_m1	GBF3	NbT2T04g02525	292	88.5369	fp
/users/fyp/fyp5/project/genome/motif_databases/ARABD/ArabidopsisDAPv1.meme	bZIP_tnt.GBF3_col_m1	GBF3	NbT2T10g01640	719	64.9942	fp
/users/fyp/fyp5/project/genome/motif_databases/ARABD/ArabidopsisDAPv1.meme	bZIP_tnt.GBF3_col_m1	GBF3	NbT2T07g00973	468	47.4717	fp
/users/fyp/fyp5/project/genome/motif_databases/ARABD/ArabidopsisDAPv1.meme	bZIP_tnt.GBF3_col_m1	GBF3	NbT2T08g01928	588	44.2475	fp
/users/fyp/fyp5/project/genome/motif_databases/ARABD/ArabidopsisDAPv1.meme	bZIP_tnt.GBF3_col_m1	GBF3	NbT2T08g01461	573	40.1968	fp
/users/fyp/fyp5/project/genome/motif_databases/ARABD/ArabidopsisDAPv1.meme	bZIP_tnt.GBF3_col_m1	GBF3	NbT2T02g02793	169	40.0883	fp
/users/fyp/fyp5/project/genome/motif_databases/ARABD/ArabidopsisDAPv1.meme	bZIP_tnt.GBF3_col_m1	GBF3	NbT2T15g01487	997	34.7245	fp
/users/fyp/fyp5/project/genome/motif_databases/ARABD/ArabidopsisDAPv1.meme	bZIP_tnt.GBF3_col_m1	GBF3	NbT2T15g01487	24	34.7245	tp
/users/fyp/fyp5/project/genome/motif_databases/ARABD/ArabidopsisDAPv1.meme	bZIP_tnt.GBF3_col_m1	GBF3	NbT2T16g02012	1088	31.9888	fp
/users/fyp/fyp5/project/genome/motif_databases/ARABD/ArabidopsisDAPv1.meme	bZIP_tnt.GBF3_col_m1	GBF3	NbT2T04g02554	293	30.3603	fp
/users/fyp/fyp5/project/genome/motif_databases/ARABD/ArabidopsisDAPv1.meme	bZIP_tnt.GBF3_col_m1	GBF3	NbT2T02g02615	167	29.8506	fp
/users/fyp/fyp5/project/genome/motif_databases/ARABD/ArabidopsisDAPv1.meme	bZIP_tnt.GBF3_col_m1	GBF3	NbT2T02g02615	5	29.8506	tp
#
/users/fyp/fyp5/project/genome/motif_databases/ARABD/ArabidopsisDAPv1.meme	bZIP_tnt.GBF3_colamp_m1	GBF3	NbT2T11g02007	776	855.584	fp
/users/fyp/fyp5/project/genome/motif_databases/ARABD/ArabidopsisDAPv1.meme	bZIP_tnt.GBF3_colamp_m1	GBF3	NbT2T02g00193	110	374.316	fp
/users/fyp/fyp5/project/genome/motif_databases/ARABD/ArabidopsisDAPv1.meme	bZIP_tnt.GBF3_colamp_m1	GBF3	NbT2T02g00734	121	296.31	fp
/users/fyp/fyp5/project/genome/motif_databases/ARABD/ArabidopsisDAPv1.meme	bZIP_tnt.GBF3_colamp_m1	GBF3	NbT2T03g02868	226	177.696	fp
/users/fyp/fyp5/project/genome/motif_databases/ARABD/ArabidopsisDAPv1.meme	bZIP_tnt.GBF3_colamp_m1	GBF3	NbT2T03g02868	7	177.696	tp
/users/fyp/fyp5/project/genome/motif_databases/ARABD/ArabidopsisDAPv1.meme	bZIP_tnt.GBF3_colamp_m1	GBF3	NbT2T01g00905	69	177.17	fp
/users/fyp/fyp5/project/genome/motif_databases/ARABD/ArabidopsisDAPv1.meme	bZIP_tnt.GBF3_colamp_m1	GBF3	NbT2T13g00181	872	143.922	fp
/users/fyp/fyp5/project/genome/motif_databases/ARABD/ArabidopsisDAPv1.meme	bZIP_tnt.GBF3_colamp_m1	GBF3	NbT2T07g02533	505	128.299	fp
/users/fyp/fyp5/project/genome/motif_databases/ARABD/ArabidopsisDAPv1.meme	bZIP_tnt.GBF3_colamp_m1	GBF3	NbT2T08g01461	573	116.181	fp
/users/fyp/fyp5/project/genome/motif_databases/ARABD/ArabidopsisDAPv1.meme	bZIP_tnt.GBF3_colamp_m1	GBF3	NbT2T19g02714	1277	114.937	fp
/users/fyp/fyp5/project/genome/motif_databases/ARABD/ArabidopsisDAPv1.meme	bZIP_tnt.GBF3_colamp_m1	GBF3	NbT2T19g02714	36	114.937	tp
/users/fyp/fyp5/project/genome/motif_databases/ARABD/ArabidopsisDAPv1.meme	bZIP_tnt.GBF3_colamp_m1	GBF3	NbT2T02g00142	108	104.38	fp
/users/fyp/fyp5/project/genome/motif_databases/ARABD/ArabidopsisDAPv1.meme	bZIP_tnt.GBF3_colamp_m1	GBF3	NbT2T02g00142	3	104.38	tp
/users/fyp/fyp5/project/genome/motif_databases/ARABD/ArabidopsisDAPv1.meme	bZIP_tnt.GBF3_colamp_m1	GBF3	NbT2T16g01491	1072	98.3201	fp
/users/fyp/fyp5/project/genome/motif_databases/ARABD/ArabidopsisDAPv1.meme	bZIP_tnt.GBF3_colamp_m1	GBF3	NbT2T16g01491	26	98.3201	tp
/users/fyp/fyp5/project/genome/motif_databases/ARABD/ArabidopsisDAPv1.meme	bZIP_tnt.GBF3_colamp_m1	GBF3	NbT2T11g02161	782	88.8473	fp
/users/fyp/fyp5/project/genome/motif_databases/ARABD/ArabidopsisDAPv1.meme	bZIP_tnt.GBF3_colamp_m1	GBF3	NbT2T17g02363	1154	88.0785	fp
/users/fyp/fyp5/project/genome/motif_databases/ARABD/ArabidopsisDAPv1.meme	bZIP_tnt.GBF3_colamp_m1	GBF3	NbT2T02g02615	167	81.546	fp
/users/fyp/fyp5/project/genome/motif_databases/ARABD/ArabidopsisDAPv1.meme	bZIP_tnt.GBF3_colamp_m1	GBF3	NbT2T02g02615	5	81.546	tp
/users/fyp/fyp5/project/genome/motif_databases/ARABD/ArabidopsisDAPv1.meme	bZIP_tnt.GBF3_colamp_m1	GBF3	NbT2T15g01487	997	74.1294	fp
/users/fyp/fyp5/project/genome/motif_databases/ARABD/ArabidopsisDAPv1.meme	bZIP_tnt.GBF3_colamp_m1	GBF3	NbT2T15g01487	24	74.1294	tp
#
/users/fyp/fyp5/project/genome/motif_databases/ARABD/ArabidopsisDAPv1.meme	bZIP_tnt.GBF5_col_v3a_m1	GBF5	NbT2T01g00905	69	8326.26	fp
/users/fyp/fyp5/project/genome/motif_databases/ARABD/ArabidopsisDAPv1.meme	bZIP_tnt.GBF5_col_v3a_m1	GBF5	NbT2T02g00734	121	1760.52	fp
/users/fyp/fyp5/project/genome/motif_databases/ARABD/ArabidopsisDAPv1.meme	bZIP_tnt.GBF5_col_v3a_m1	GBF5	NbT2T11g02161	782	981.273	fp
/users/fyp/fyp5/project/genome/motif_databases/ARABD/ArabidopsisDAPv1.meme	bZIP_tnt.GBF5_col_v3a_m1	GBF5	NbT2T13g00181	872	490.135	fp
/users/fyp/fyp5/project/genome/motif_databases/ARABD/ArabidopsisDAPv1.meme	bZIP_tnt.GBF5_col_v3a_m1	GBF5	NbT2T17g02363	1154	155.973	fp
/users/fyp/fyp5/project/genome/motif_databases/ARABD/ArabidopsisDAPv1.meme	bZIP_tnt.GBF5_col_v3a_m1	GBF5	NbT2T02g00193	110	150.167	fp
/users/fyp/fyp5/project/genome/motif_databases/ARABD/ArabidopsisDAPv1.meme	bZIP_tnt.GBF5_col_v3a_m1	GBF5	NbT2T11g00356	742	136.249	fp
/users/fyp/fyp5/project/genome/motif_databases/ARABD/ArabidopsisDAPv1.meme	bZIP_tnt.GBF5_col_v3a_m1	GBF5	NbT2T11g00356	20	136.249	tp
/users/fyp/fyp5/project/genome/motif_databases/ARABD/ArabidopsisDAPv1.meme	bZIP_tnt.GBF5_col_v3a_m1	GBF5	NbT2T11g02007	776	80.7649	fp
/users/fyp/fyp5/project/genome/motif_databases/ARABD/ArabidopsisDAPv1.meme	bZIP_tnt.GBF5_col_v3a_m1	GBF5	NbT2T07g01744	484	49.5192	fp
/users/fyp/fyp5/project/genome/motif_databases/ARABD/ArabidopsisDAPv1.meme	bZIP_tnt.GBF5_col_v3a_m1	GBF5	NbT2T16g01491	1072	45.4646	fp
/users/fyp/fyp5/project/genome/motif_databases/ARABD/ArabidopsisDAPv1.meme	bZIP_tnt.GBF5_col_v3a_m1	GBF5	NbT2T16g01491	26	45.4646	tp
/users/fyp/fyp5/project/genome/motif_databases/ARABD/ArabidopsisDAPv1.meme	bZIP_tnt.GBF5_col_v3a_m1	GBF5	NbT2T01g02429	88	44.7998	fp
/users/fyp/fyp5/project/genome/motif_databases/ARABD/ArabidopsisDAPv1.meme	bZIP_tnt.GBF5_col_v3a_m1	GBF5	NbT2T01g00840	66	24.8405	fp
/users/fyp/fyp5/project/genome/motif_databases/ARABD/ArabidopsisDAPv1.meme	bZIP_tnt.GBF5_col_v3a_m1	GBF5	NbT2T12g00261	795	24.8384	fp
/users/fyp/fyp5/project/genome/motif_databases/ARABD/ArabidopsisDAPv1.meme	bZIP_tnt.GBF5_col_v3a_m1	GBF5	NbT2T07g02533	505	20.9573	fp
/users/fyp/fyp5/project/genome/motif_databases/ARABD/ArabidopsisDAPv1.meme	bZIP_tnt.GBF5_col_v3a_m1	GBF5	NbT2T03g02868	226	17.4961	fp
/users/fyp/fyp5/project/genome/motif_databases/ARABD/ArabidopsisDAPv1.meme	bZIP_tnt.GBF5_col_v3a_m1	GBF5	NbT2T03g02868	7	17.4961	tp
/users/fyp/fyp5/project/genome/motif_databases/ARABD/ArabidopsisDAPv1.meme	bZIP_tnt.GBF5_col_v3a_m1	GBF5	NbT2T16g02012	1088	15.6093	fp
/users/fyp/fyp5/project/genome/motif_databases/ARABD/ArabidopsisDAPv1.meme	bZIP_tnt.GBF5_col_v3a_m1	GBF5	NbT2T16g02200	1097	13.7724	fp
/users/fyp/fyp5/project/genome/motif_databases/ARABD/ArabidopsisDAPv1.meme	bZIP_tnt.GBF5_col_v3a_m1	GBF5	NbT2T02g00142	108	13.7138	fp
/users/fyp/fyp5/project/genome/motif_databases/ARABD/ArabidopsisDAPv1.meme	bZIP_tnt.GBF5_col_v3a_m1	GBF5	NbT2T02g00142	3	13.7138	tp
/users/fyp/fyp5/project/genome/motif_databases/ARABD/ArabidopsisDAPv1.meme	bZIP_tnt.GBF5_col_v3a_m1	GBF5	NbT2T09g01977	652	12.5379	fp
/users/fyp/fyp5/project/genome/motif_databases/ARABD/ArabidopsisDAPv1.meme	bZIP_tnt.GBF5_col_v3a_m1	GBF5	NbT2T08g02798	608	11.5995	fp
/users/fyp/fyp5/project/genome/motif_databases/ARABD/ArabidopsisDAPv1.meme	bZIP_tnt.GBF5_col_v3a_m1	GBF5	NbT2T15g01487	997	11.1876	fp
/users/fyp/fyp5/project/genome/motif_databases/ARABD/ArabidopsisDAPv1.meme	bZIP_tnt.GBF5_col_v3a_m1	GBF5	NbT2T15g01487	24	11.1876	tp
/users/fyp/fyp5/project/genome/motif_databases/ARABD/ArabidopsisDAPv1.meme	bZIP_tnt.GBF5_col_v3a_m1	GBF5	NbT2T04g02525	292	11.0516	fp
/users/fyp/fyp5/project/genome/motif_databases/ARABD/ArabidopsisDAPv1.meme	bZIP_tnt.GBF5_col_v3a_m1	GBF5	NbT2T01g01342	77	10.0523	fp
/users/fyp/fyp5/project/genome/motif_databases/ARABD/ArabidopsisDAPv1.meme	bZIP_tnt.GBF5_col_v3a_m1	GBF5	NbT2T09g01134	636	8.88906	fp
/users/fyp/fyp5/project/genome/motif_databases/ARABD/ArabidopsisDAPv1.meme	bZIP_tnt.GBF5_col_v3a_m1	GBF5	NbT2T10g01640	719	8.76022	fp
/users/fyp/fyp5/project/genome/motif_databases/ARABD/ArabidopsisDAPv1.meme	bZIP_tnt.GBF5_col_v3a_m1	GBF5	NbT2T13g01209	890	8.16118	fp
/users/fyp/fyp5/project/genome/motif_databases/ARABD/ArabidopsisDAPv1.meme	bZIP_tnt.GBF5_col_v3a_m1	GBF5	NbT2T04g02789	302	8.02638	fp
/users/fyp/fyp5/project/genome/motif_databases/ARABD/ArabidopsisDAPv1.meme	bZIP_tnt.GBF5_col_v3a_m1	GBF5	NbT2T17g02252	1150	7.6316	fp
/users/fyp/fyp5/project/genome/motif_databases/ARABD/ArabidopsisDAPv1.meme	bZIP_tnt.GBF5_col_v3a_m1	GBF5	NbT2T04g02554	293	6.6778	fp
/users/fyp/fyp5/project/genome/motif_databases/ARABD/ArabidopsisDAPv1.meme	bZIP_tnt.GBF5_col_v3a_m1	GBF5	NbT2T14g02772	971	6.01515	fp
/users/fyp/fyp5/project/genome/motif_databases/ARABD/ArabidopsisDAPv1.meme	bZIP_tnt.GBF5_col_v3a_m1	GBF5	NbT2T11g01124	759	5.98863	fp
/users/fyp/fyp5/project/genome/motif_databases/ARABD/ArabidopsisDAPv1.meme	bZIP_tnt.GBF5_col_v3a_m1	GBF5	NbT2T19g02714	1277	4.40406	fp
/users/fyp/fyp5/project/genome/motif_databases/ARABD/ArabidopsisDAPv1.meme	bZIP_tnt.GBF5_col_v3a_m1	GBF5	NbT2T19g02714	36	4.40406	tp
/users/fyp/fyp5/project/genome/motif_databases/ARABD/ArabidopsisDAPv1.meme	bZIP_tnt.GBF5_col_v3a_m1	GBF5	NbT2T03g00354	177	4.27996	fp
/users/fyp/fyp5/project/genome/motif_databases/ARABD/ArabidopsisDAPv1.meme	bZIP_tnt.GBF5_col_v3a_m1	GBF5	NbT2T04g03439	316	3.94074	fp
/users/fyp/fyp5/project/genome/motif_databases/ARABD/ArabidopsisDAPv1.meme	bZIP_tnt.GBF5_col_v3a_m1	GBF5	NbT2T02g00715	119	3.65627	fp
/users/fyp/fyp5/project/genome/motif_databases/ARABD/ArabidopsisDAPv1.meme	bZIP_tnt.GBF5_col_v3a_m1	GBF5	NbT2T07g00973	468	3.63551	fp
/users/fyp/fyp5/project/genome/motif_databases/ARABD/ArabidopsisDAPv1.meme	bZIP_tnt.GBF5_col_v3a_m1	GBF5	NbT2T02g02615	167	3.56281	fp
/users/fyp/fyp5/project/genome/motif_databases/ARABD/ArabidopsisDAPv1.meme	bZIP_tnt.GBF5_col_v3a_m1	GBF5	NbT2T02g02615	5	3.56281	tp
#
/users/fyp/fyp5/project/genome/motif_databases/ARABD/ArabidopsisDAPv1.meme	bZIP_tnt.GBF5_colamp_a_m1	GBF5	NbT2T01g00905	69	8818.68	fp
/users/fyp/fyp5/project/genome/motif_databases/ARABD/ArabidopsisDAPv1.meme	bZIP_tnt.GBF5_colamp_a_m1	GBF5	NbT2T02g00734	121	1934.35	fp
/users/fyp/fyp5/project/genome/motif_databases/ARABD/ArabidopsisDAPv1.meme	bZIP_tnt.GBF5_colamp_a_m1	GBF5	NbT2T11g02161	782	834.523	fp
/users/fyp/fyp5/project/genome/motif_databases/ARABD/ArabidopsisDAPv1.meme	bZIP_tnt.GBF5_colamp_a_m1	GBF5	NbT2T13g00181	872	442.875	fp
/users/fyp/fyp5/project/genome/motif_databases/ARABD/ArabidopsisDAPv1.meme	bZIP_tnt.GBF5_colamp_a_m1	GBF5	NbT2T02g00193	110	179.356	fp
/users/fyp/fyp5/project/genome/motif_databases/ARABD/ArabidopsisDAPv1.meme	bZIP_tnt.GBF5_colamp_a_m1	GBF5	NbT2T17g02363	1154	133.809	fp
/users/fyp/fyp5/project/genome/motif_databases/ARABD/ArabidopsisDAPv1.meme	bZIP_tnt.GBF5_colamp_a_m1	GBF5	NbT2T11g00356	742	116.875	fp
/users/fyp/fyp5/project/genome/motif_databases/ARABD/ArabidopsisDAPv1.meme	bZIP_tnt.GBF5_colamp_a_m1	GBF5	NbT2T11g00356	20	116.875	tp
/users/fyp/fyp5/project/genome/motif_databases/ARABD/ArabidopsisDAPv1.meme	bZIP_tnt.GBF5_colamp_a_m1	GBF5	NbT2T16g01491	1072	73.6506	fp
/users/fyp/fyp5/project/genome/motif_databases/ARABD/ArabidopsisDAPv1.meme	bZIP_tnt.GBF5_colamp_a_m1	GBF5	NbT2T16g01491	26	73.6506	tp
/users/fyp/fyp5/project/genome/motif_databases/ARABD/ArabidopsisDAPv1.meme	bZIP_tnt.GBF5_colamp_a_m1	GBF5	NbT2T11g02007	776	72.654	fp
/users/fyp/fyp5/project/genome/motif_databases/ARABD/ArabidopsisDAPv1.meme	bZIP_tnt.GBF5_colamp_a_m1	GBF5	NbT2T07g01744	484	47.3611	fp
/users/fyp/fyp5/project/genome/motif_databases/ARABD/ArabidopsisDAPv1.meme	bZIP_tnt.GBF5_colamp_a_m1	GBF5	NbT2T01g02429	88	36.6488	fp
/users/fyp/fyp5/project/genome/motif_databases/ARABD/ArabidopsisDAPv1.meme	bZIP_tnt.GBF5_colamp_a_m1	GBF5	NbT2T07g02533	505	31.999	fp
/users/fyp/fyp5/project/genome/motif_databases/ARABD/ArabidopsisDAPv1.meme	bZIP_tnt.GBF5_colamp_a_m1	GBF5	NbT2T01g00840	66	20.2978	fp
/users/fyp/fyp5/project/genome/motif_databases/ARABD/ArabidopsisDAPv1.meme	bZIP_tnt.GBF5_colamp_a_m1	GBF5	NbT2T12g00261	795	20.2944	fp
/users/fyp/fyp5/project/genome/motif_databases/ARABD/ArabidopsisDAPv1.meme	bZIP_tnt.GBF5_colamp_a_m1	GBF5	NbT2T16g02200	1097	18.6705	fp
/users/fyp/fyp5/project/genome/motif_databases/ARABD/ArabidopsisDAPv1.meme	bZIP_tnt.GBF5_colamp_a_m1	GBF5	NbT2T03g02868	226	17.8677	fp
/users/fyp/fyp5/project/genome/motif_databases/ARABD/ArabidopsisDAPv1.meme	bZIP_tnt.GBF5_colamp_a_m1	GBF5	NbT2T03g02868	7	17.8677	tp
/users/fyp/fyp5/project/genome/motif_databases/ARABD/ArabidopsisDAPv1.meme	bZIP_tnt.GBF5_colamp_a_m1	GBF5	NbT2T09g01134	636	16.907	fp
/users/fyp/fyp5/project/genome/motif_databases/ARABD/ArabidopsisDAPv1.meme	bZIP_tnt.GBF5_colamp_a_m1	GBF5	NbT2T10g01640	719	15.8881	fp
/users/fyp/fyp5/project/genome/motif_databases/ARABD/ArabidopsisDAPv1.meme	bZIP_tnt.GBF5_colamp_a_m1	GBF5	NbT2T08g02798	608	15.4431	fp
/users/fyp/fyp5/project/genome/motif_databases/ARABD/ArabidopsisDAPv1.meme	bZIP_tnt.GBF5_colamp_a_m1	GBF5	NbT2T16g02012	1088	14.9592	fp
/users/fyp/fyp5/project/genome/motif_databases/ARABD/ArabidopsisDAPv1.meme	bZIP_tnt.GBF5_colamp_a_m1	GBF5	NbT2T04g02525	292	14.933	fp
/users/fyp/fyp5/project/genome/motif_databases/ARABD/ArabidopsisDAPv1.meme	bZIP_tnt.GBF5_colamp_a_m1	GBF5	NbT2T02g00142	108	13.357	fp
/users/fyp/fyp5/project/genome/motif_databases/ARABD/ArabidopsisDAPv1.meme	bZIP_tnt.GBF5_colamp_a_m1	GBF5	NbT2T02g00142	3	13.357	tp
/users/fyp/fyp5/project/genome/motif_databases/ARABD/ArabidopsisDAPv1.meme	bZIP_tnt.GBF5_colamp_a_m1	GBF5	NbT2T15g01487	997	11.5816	fp
/users/fyp/fyp5/project/genome/motif_databases/ARABD/ArabidopsisDAPv1.meme	bZIP_tnt.GBF5_colamp_a_m1	GBF5	NbT2T15g01487	24	11.5816	tp
/users/fyp/fyp5/project/genome/motif_databases/ARABD/ArabidopsisDAPv1.meme	bZIP_tnt.GBF5_colamp_a_m1	GBF5	NbT2T09g01977	652	11.565	fp
/users/fyp/fyp5/project/genome/motif_databases/ARABD/ArabidopsisDAPv1.meme	bZIP_tnt.GBF5_colamp_a_m1	GBF5	NbT2T01g01342	77	9.54345	fp
/users/fyp/fyp5/project/genome/motif_databases/ARABD/ArabidopsisDAPv1.meme	bZIP_tnt.GBF5_colamp_a_m1	GBF5	NbT2T07g00973	468	8.73306	fp
/users/fyp/fyp5/project/genome/motif_databases/ARABD/ArabidopsisDAPv1.meme	bZIP_tnt.GBF5_colamp_a_m1	GBF5	NbT2T11g02261	788	7.63202	fp
/users/fyp/fyp5/project/genome/motif_databases/ARABD/ArabidopsisDAPv1.meme	bZIP_tnt.GBF5_colamp_a_m1	GBF5	NbT2T13g01209	890	6.85782	fp
/users/fyp/fyp5/project/genome/motif_databases/ARABD/ArabidopsisDAPv1.meme	bZIP_tnt.GBF5_colamp_a_m1	GBF5	NbT2T17g02252	1150	6.48942	fp
/users/fyp/fyp5/project/genome/motif_databases/ARABD/ArabidopsisDAPv1.meme	bZIP_tnt.GBF5_colamp_a_m1	GBF5	NbT2T04g03439	316	6.46722	fp
/users/fyp/fyp5/project/genome/motif_databases/ARABD/ArabidopsisDAPv1.meme	bZIP_tnt.GBF5_colamp_a_m1	GBF5	NbT2T04g02789	302	6.3286	fp
/users/fyp/fyp5/project/genome/motif_databases/ARABD/ArabidopsisDAPv1.meme	bZIP_tnt.GBF5_colamp_a_m1	GBF5	NbT2T02g02615	167	6.02541	fp
/users/fyp/fyp5/project/genome/motif_databases/ARABD/ArabidopsisDAPv1.meme	bZIP_tnt.GBF5_colamp_a_m1	GBF5	NbT2T02g02615	5	6.02541	tp
/users/fyp/fyp5/project/genome/motif_databases/ARABD/ArabidopsisDAPv1.meme	bZIP_tnt.GBF5_colamp_a_m1	GBF5	NbT2T04g02554	293	5.73258	fp
/users/fyp/fyp5/project/genome/motif_databases/ARABD/ArabidopsisDAPv1.meme	bZIP_tnt.GBF5_colamp_a_m1	GBF5	NbT2T19g02714	1277	5.16607	fp
/users/fyp/fyp5/project/genome/motif_databases/ARABD/ArabidopsisDAPv1.meme	bZIP_tnt.GBF5_colamp_a_m1	GBF5	NbT2T19g02714	36	5.16607	tp
#
/users/fyp/fyp5/project/genome/motif_databases/ARABD/ArabidopsisDAPv1.meme	bZIP_tnt.GBF6_colamp_a_m1	GBF6	NbT2T01g00905	69	1216.67	fp
/users/fyp/fyp5/project/genome/motif_databases/ARABD/ArabidopsisDAPv1.meme	bZIP_tnt.GBF6_colamp_a_m1	GBF6	NbT2T02g00734	121	646.58	fp
/users/fyp/fyp5/project/genome/motif_databases/ARABD/ArabidopsisDAPv1.meme	bZIP_tnt.GBF6_colamp_a_m1	GBF6	NbT2T13g00181	872	313.666	fp
/users/fyp/fyp5/project/genome/motif_databases/ARABD/ArabidopsisDAPv1.meme	bZIP_tnt.GBF6_colamp_a_m1	GBF6	NbT2T11g02161	782	264.567	fp
/users/fyp/fyp5/project/genome/motif_databases/ARABD/ArabidopsisDAPv1.meme	bZIP_tnt.GBF6_colamp_a_m1	GBF6	NbT2T02g00193	110	174.223	fp
/users/fyp/fyp5/project/genome/motif_databases/ARABD/ArabidopsisDAPv1.meme	bZIP_tnt.GBF6_colamp_a_m1	GBF6	NbT2T11g02007	776	103.311	fp
/users/fyp/fyp5/project/genome/motif_databases/ARABD/ArabidopsisDAPv1.meme	bZIP_tnt.GBF6_colamp_a_m1	GBF6	NbT2T11g00356	742	88.5932	fp
/users/fyp/fyp5/project/genome/motif_databases/ARABD/ArabidopsisDAPv1.meme	bZIP_tnt.GBF6_colamp_a_m1	GBF6	NbT2T11g00356	20	88.5932	tp
/users/fyp/fyp5/project/genome/motif_databases/ARABD/ArabidopsisDAPv1.meme	bZIP_tnt.GBF6_colamp_a_m1	GBF6	NbT2T17g02363	1154	79.8072	fp
/users/fyp/fyp5/project/genome/motif_databases/ARABD/ArabidopsisDAPv1.meme	bZIP_tnt.GBF6_colamp_a_m1	GBF6	NbT2T16g01491	1072	74.1076	fp
/users/fyp/fyp5/project/genome/motif_databases/ARABD/ArabidopsisDAPv1.meme	bZIP_tnt.GBF6_colamp_a_m1	GBF6	NbT2T16g01491	26	74.1076	tp
/users/fyp/fyp5/project/genome/motif_databases/ARABD/ArabidopsisDAPv1.meme	bZIP_tnt.GBF6_colamp_a_m1	GBF6	NbT2T09g01134	636	53.3832	fp
/users/fyp/fyp5/project/genome/motif_databases/ARABD/ArabidopsisDAPv1.meme	bZIP_tnt.GBF6_colamp_a_m1	GBF6	NbT2T07g02533	505	42.2684	fp
/users/fyp/fyp5/project/genome/motif_databases/ARABD/ArabidopsisDAPv1.meme	bZIP_tnt.GBF6_colamp_a_m1	GBF6	NbT2T03g02868	226	39.9752	fp
/users/fyp/fyp5/project/genome/motif_databases/ARABD/ArabidopsisDAPv1.meme	bZIP_tnt.GBF6_colamp_a_m1	GBF6	NbT2T03g02868	7	39.9752	tp
/users/fyp/fyp5/project/genome/motif_databases/ARABD/ArabidopsisDAPv1.meme	bZIP_tnt.GBF6_colamp_a_m1	GBF6	NbT2T07g00973	468	37.2443	fp
/users/fyp/fyp5/project/genome/motif_databases/ARABD/ArabidopsisDAPv1.meme	bZIP_tnt.GBF6_colamp_a_m1	GBF6	NbT2T01g02429	88	32.0907	fp
/users/fyp/fyp5/project/genome/motif_databases/ARABD/ArabidopsisDAPv1.meme	bZIP_tnt.GBF6_colamp_a_m1	GBF6	NbT2T11g02261	788	30.7684	fp
/users/fyp/fyp5/project/genome/motif_databases/ARABD/ArabidopsisDAPv1.meme	bZIP_tnt.GBF6_colamp_a_m1	GBF6	NbT2T07g01744	484	30.6013	fp
/users/fyp/fyp5/project/genome/motif_databases/ARABD/ArabidopsisDAPv1.meme	bZIP_tnt.GBF6_colamp_a_m1	GBF6	NbT2T08g00448	555	29.4021	fp
/users/fyp/fyp5/project/genome/motif_databases/ARABD/ArabidopsisDAPv1.meme	bZIP_tnt.GBF6_colamp_a_m1	GBF6	NbT2T10g01640	719	28.771	fp
/users/fyp/fyp5/project/genome/motif_databases/ARABD/ArabidopsisDAPv1.meme	bZIP_tnt.GBF6_colamp_a_m1	GBF6	NbT2T16g02200	1097	27.7983	fp
/users/fyp/fyp5/project/genome/motif_databases/ARABD/ArabidopsisDAPv1.meme	bZIP_tnt.GBF6_colamp_a_m1	GBF6	NbT2T02g02615	167	25.264	fp
/users/fyp/fyp5/project/genome/motif_databases/ARABD/ArabidopsisDAPv1.meme	bZIP_tnt.GBF6_colamp_a_m1	GBF6	NbT2T02g02615	5	25.264	tp
/users/fyp/fyp5/project/genome/motif_databases/ARABD/ArabidopsisDAPv1.meme	bZIP_tnt.GBF6_colamp_a_m1	GBF6	NbT2T04g02525	292	24.0199	fp
/users/fyp/fyp5/project/genome/motif_databases/ARABD/ArabidopsisDAPv1.meme	bZIP_tnt.GBF6_colamp_a_m1	GBF6	NbT2T01g01342	77	22.9112	fp
/users/fyp/fyp5/project/genome/motif_databases/ARABD/ArabidopsisDAPv1.meme	bZIP_tnt.GBF6_colamp_a_m1	GBF6	NbT2T02g00142	108	20.5395	fp
/users/fyp/fyp5/project/genome/motif_databases/ARABD/ArabidopsisDAPv1.meme	bZIP_tnt.GBF6_colamp_a_m1	GBF6	NbT2T02g00142	3	20.5395	tp
/users/fyp/fyp5/project/genome/motif_databases/ARABD/ArabidopsisDAPv1.meme	bZIP_tnt.GBF6_colamp_a_m1	GBF6	NbT2T13g01209	890	19.8307	fp
/users/fyp/fyp5/project/genome/motif_databases/ARABD/ArabidopsisDAPv1.meme	bZIP_tnt.GBF6_colamp_a_m1	GBF6	NbT2T04g03439	316	19.7547	fp
/users/fyp/fyp5/project/genome/motif_databases/ARABD/ArabidopsisDAPv1.meme	bZIP_tnt.GBF6_colamp_a_m1	GBF6	NbT2T15g01487	997	19.1115	fp
/users/fyp/fyp5/project/genome/motif_databases/ARABD/ArabidopsisDAPv1.meme	bZIP_tnt.GBF6_colamp_a_m1	GBF6	NbT2T15g01487	24	19.1115	tp
/users/fyp/fyp5/project/genome/motif_databases/ARABD/ArabidopsisDAPv1.meme	bZIP_tnt.GBF6_colamp_a_m1	GBF6	NbT2T19g02714	1277	18.9627	fp
/users/fyp/fyp5/project/genome/motif_databases/ARABD/ArabidopsisDAPv1.meme	bZIP_tnt.GBF6_colamp_a_m1	GBF6	NbT2T19g02714	36	18.9627	tp
#
/users/fyp/fyp5/project/genome/motif_databases/ARABD/ArabidopsisDAPv1.meme	bZIP_tnt.bZIP16_col_v3a_m1	bZIP16	NbT2T11g02007	776	2056.74	fp
/users/fyp/fyp5/project/genome/motif_databases/ARABD/ArabidopsisDAPv1.meme	bZIP_tnt.bZIP16_col_v3a_m1	bZIP16	NbT2T02g00734	121	2008.39	fp
/users/fyp/fyp5/project/genome/motif_databases/ARABD/ArabidopsisDAPv1.meme	bZIP_tnt.bZIP16_col_v3a_m1	bZIP16	NbT2T01g00905	69	1319.46	fp
/users/fyp/fyp5/project/genome/motif_databases/ARABD/ArabidopsisDAPv1.meme	bZIP_tnt.bZIP16_col_v3a_m1	bZIP16	NbT2T03g02868	226	1050.21	fp
/users/fyp/fyp5/project/genome/motif_databases/ARABD/ArabidopsisDAPv1.meme	bZIP_tnt.bZIP16_col_v3a_m1	bZIP16	NbT2T03g02868	7	1050.21	tp
/users/fyp/fyp5/project/genome/motif_databases/ARABD/ArabidopsisDAPv1.meme	bZIP_tnt.bZIP16_col_v3a_m1	bZIP16	NbT2T13g00181	872	848.299	fp
/users/fyp/fyp5/project/genome/motif_databases/ARABD/ArabidopsisDAPv1.meme	bZIP_tnt.bZIP16_col_v3a_m1	bZIP16	NbT2T02g00193	110	831.667	fp
/users/fyp/fyp5/project/genome/motif_databases/ARABD/ArabidopsisDAPv1.meme	bZIP_tnt.bZIP16_col_v3a_m1	bZIP16	NbT2T19g02714	1277	809.64	fp
/users/fyp/fyp5/project/genome/motif_databases/ARABD/ArabidopsisDAPv1.meme	bZIP_tnt.bZIP16_col_v3a_m1	bZIP16	NbT2T19g02714	36	809.64	tp
/users/fyp/fyp5/project/genome/motif_databases/ARABD/ArabidopsisDAPv1.meme	bZIP_tnt.bZIP16_col_v3a_m1	bZIP16	NbT2T16g01491	1072	482.286	fp
/users/fyp/fyp5/project/genome/motif_databases/ARABD/ArabidopsisDAPv1.meme	bZIP_tnt.bZIP16_col_v3a_m1	bZIP16	NbT2T16g01491	26	482.286	tp
/users/fyp/fyp5/project/genome/motif_databases/ARABD/ArabidopsisDAPv1.meme	bZIP_tnt.bZIP16_col_v3a_m1	bZIP16	NbT2T07g02533	505	480.445	fp
/users/fyp/fyp5/project/genome/motif_databases/ARABD/ArabidopsisDAPv1.meme	bZIP_tnt.bZIP16_col_v3a_m1	bZIP16	NbT2T17g02363	1154	295.412	fp
/users/fyp/fyp5/project/genome/motif_databases/ARABD/ArabidopsisDAPv1.meme	bZIP_tnt.bZIP16_col_v3a_m1	bZIP16	NbT2T08g01928	588	293.833	fp
/users/fyp/fyp5/project/genome/motif_databases/ARABD/ArabidopsisDAPv1.meme	bZIP_tnt.bZIP16_col_v3a_m1	bZIP16	NbT2T02g02793	169	245.959	fp
/users/fyp/fyp5/project/genome/motif_databases/ARABD/ArabidopsisDAPv1.meme	bZIP_tnt.bZIP16_col_v3a_m1	bZIP16	NbT2T07g00973	468	231.759	fp
/users/fyp/fyp5/project/genome/motif_databases/ARABD/ArabidopsisDAPv1.meme	bZIP_tnt.bZIP16_col_v3a_m1	bZIP16	NbT2T02g00142	108	226.636	fp
/users/fyp/fyp5/project/genome/motif_databases/ARABD/ArabidopsisDAPv1.meme	bZIP_tnt.bZIP16_col_v3a_m1	bZIP16	NbT2T02g00142	3	226.636	tp
/users/fyp/fyp5/project/genome/motif_databases/ARABD/ArabidopsisDAPv1.meme	bZIP_tnt.bZIP16_col_v3a_m1	bZIP16	NbT2T15g01487	997	224.352	fp
/users/fyp/fyp5/project/genome/motif_databases/ARABD/ArabidopsisDAPv1.meme	bZIP_tnt.bZIP16_col_v3a_m1	bZIP16	NbT2T15g01487	24	224.352	tp
/users/fyp/fyp5/project/genome/motif_databases/ARABD/ArabidopsisDAPv1.meme	bZIP_tnt.bZIP16_col_v3a_m1	bZIP16	NbT2T08g01461	573	204.769	fp
/users/fyp/fyp5/project/genome/motif_databases/ARABD/ArabidopsisDAPv1.meme	bZIP_tnt.bZIP16_col_v3a_m1	bZIP16	NbT2T14g00659	933	194.385	fp
/users/fyp/fyp5/project/genome/motif_databases/ARABD/ArabidopsisDAPv1.meme	bZIP_tnt.bZIP16_col_v3a_m1	bZIP16	NbT2T04g02525	292	185.935	fp
/users/fyp/fyp5/project/genome/motif_databases/ARABD/ArabidopsisDAPv1.meme	bZIP_tnt.bZIP16_col_v3a_m1	bZIP16	NbT2T11g00356	742	178.751	fp
/users/fyp/fyp5/project/genome/motif_databases/ARABD/ArabidopsisDAPv1.meme	bZIP_tnt.bZIP16_col_v3a_m1	bZIP16	NbT2T11g00356	20	178.751	tp
/users/fyp/fyp5/project/genome/motif_databases/ARABD/ArabidopsisDAPv1.meme	bZIP_tnt.bZIP16_col_v3a_m1	bZIP16	NbT2T10g01640	719	156.937	fp
/users/fyp/fyp5/project/genome/motif_databases/ARABD/ArabidopsisDAPv1.meme	bZIP_tnt.bZIP16_col_v3a_m1	bZIP16	NbT2T02g02615	167	124.338	fp
/users/fyp/fyp5/project/genome/motif_databases/ARABD/ArabidopsisDAPv1.meme	bZIP_tnt.bZIP16_col_v3a_m1	bZIP16	NbT2T02g02615	5	124.338	tp
#
/users/fyp/fyp5/project/genome/motif_databases/ARABD/ArabidopsisDAPv1.meme	bZIP_tnt.bZIP16_colamp_a_m1	bZIP16	NbT2T01g00905	69	2924.19	fp
/users/fyp/fyp5/project/genome/motif_databases/ARABD/ArabidopsisDAPv1.meme	bZIP_tnt.bZIP16_colamp_a_m1	bZIP16	NbT2T02g00734	121	2069.15	fp
/users/fyp/fyp5/project/genome/motif_databases/ARABD/ArabidopsisDAPv1.meme	bZIP_tnt.bZIP16_colamp_a_m1	bZIP16	NbT2T11g02007	776	966.197	fp
/users/fyp/fyp5/project/genome/motif_databases/ARABD/ArabidopsisDAPv1.meme	bZIP_tnt.bZIP16_colamp_a_m1	bZIP16	NbT2T13g00181	872	780.068	fp
/users/fyp/fyp5/project/genome/motif_databases/ARABD/ArabidopsisDAPv1.meme	bZIP_tnt.bZIP16_colamp_a_m1	bZIP16	NbT2T02g00193	110	612.552	fp
/users/fyp/fyp5/project/genome/motif_databases/ARABD/ArabidopsisDAPv1.meme	bZIP_tnt.bZIP16_colamp_a_m1	bZIP16	NbT2T17g02363	1154	410.97	fp
/users/fyp/fyp5/project/genome/motif_databases/ARABD/ArabidopsisDAPv1.meme	bZIP_tnt.bZIP16_colamp_a_m1	bZIP16	NbT2T03g02868	226	396.662	fp
/users/fyp/fyp5/project/genome/motif_databases/ARABD/ArabidopsisDAPv1.meme	bZIP_tnt.bZIP16_colamp_a_m1	bZIP16	NbT2T03g02868	7	396.662	tp
/users/fyp/fyp5/project/genome/motif_databases/ARABD/ArabidopsisDAPv1.meme	bZIP_tnt.bZIP16_colamp_a_m1	bZIP16	NbT2T19g02714	1277	264.329	fp
/users/fyp/fyp5/project/genome/motif_databases/ARABD/ArabidopsisDAPv1.meme	bZIP_tnt.bZIP16_colamp_a_m1	bZIP16	NbT2T19g02714	36	264.329	tp
/users/fyp/fyp5/project/genome/motif_databases/ARABD/ArabidopsisDAPv1.meme	bZIP_tnt.bZIP16_colamp_a_m1	bZIP16	NbT2T16g01491	1072	236.487	fp
/users/fyp/fyp5/project/genome/motif_databases/ARABD/ArabidopsisDAPv1.meme	bZIP_tnt.bZIP16_colamp_a_m1	bZIP16	NbT2T16g01491	26	236.487	tp
/users/fyp/fyp5/project/genome/motif_databases/ARABD/ArabidopsisDAPv1.meme	bZIP_tnt.bZIP16_colamp_a_m1	bZIP16	NbT2T11g00356	742	204.138	fp
/users/fyp/fyp5/project/genome/motif_databases/ARABD/ArabidopsisDAPv1.meme	bZIP_tnt.bZIP16_colamp_a_m1	bZIP16	NbT2T11g00356	20	204.138	tp
/users/fyp/fyp5/project/genome/motif_databases/ARABD/ArabidopsisDAPv1.meme	bZIP_tnt.bZIP16_colamp_a_m1	bZIP16	NbT2T07g02533	505	171.677	fp
/users/fyp/fyp5/project/genome/motif_databases/ARABD/ArabidopsisDAPv1.meme	bZIP_tnt.bZIP16_colamp_a_m1	bZIP16	NbT2T02g00142	108	157.912	fp
/users/fyp/fyp5/project/genome/motif_databases/ARABD/ArabidopsisDAPv1.meme	bZIP_tnt.bZIP16_colamp_a_m1	bZIP16	NbT2T02g00142	3	157.912	tp
/users/fyp/fyp5/project/genome/motif_databases/ARABD/ArabidopsisDAPv1.meme	bZIP_tnt.bZIP16_colamp_a_m1	bZIP16	NbT2T04g02525	292	98.2001	fp
/users/fyp/fyp5/project/genome/motif_databases/ARABD/ArabidopsisDAPv1.meme	bZIP_tnt.bZIP16_colamp_a_m1	bZIP16	NbT2T11g02161	782	98.0193	fp
/users/fyp/fyp5/project/genome/motif_databases/ARABD/ArabidopsisDAPv1.meme	bZIP_tnt.bZIP16_colamp_a_m1	bZIP16	NbT2T10g01640	719	92.196	fp
/users/fyp/fyp5/project/genome/motif_databases/ARABD/ArabidopsisDAPv1.meme	bZIP_tnt.bZIP16_colamp_a_m1	bZIP16	NbT2T08g01928	588	84.7555	fp
/users/fyp/fyp5/project/genome/motif_databases/ARABD/ArabidopsisDAPv1.meme	bZIP_tnt.bZIP16_colamp_a_m1	bZIP16	NbT2T07g00973	468	78.3569	fp
/users/fyp/fyp5/project/genome/motif_databases/ARABD/ArabidopsisDAPv1.meme	bZIP_tnt.bZIP16_colamp_a_m1	bZIP16	NbT2T08g01461	573	74.9344	fp
/users/fyp/fyp5/project/genome/motif_databases/ARABD/ArabidopsisDAPv1.meme	bZIP_tnt.bZIP16_colamp_a_m1	bZIP16	NbT2T02g02793	169	71.8478	fp
/users/fyp/fyp5/project/genome/motif_databases/ARABD/ArabidopsisDAPv1.meme	bZIP_tnt.bZIP16_colamp_a_m1	bZIP16	NbT2T15g01487	997	62.3984	fp
/users/fyp/fyp5/project/genome/motif_databases/ARABD/ArabidopsisDAPv1.meme	bZIP_tnt.bZIP16_colamp_a_m1	bZIP16	NbT2T15g01487	24	62.3984	tp
/users/fyp/fyp5/project/genome/motif_databases/ARABD/ArabidopsisDAPv1.meme	bZIP_tnt.bZIP16_colamp_a_m1	bZIP16	NbT2T14g00659	933	53.967	fp
/users/fyp/fyp5/project/genome/motif_databases/ARABD/ArabidopsisDAPv1.meme	bZIP_tnt.bZIP16_colamp_a_m1	bZIP16	NbT2T02g02615	167	52.1837	fp
/users/fyp/fyp5/project/genome/motif_databases/ARABD/ArabidopsisDAPv1.meme	bZIP_tnt.bZIP16_colamp_a_m1	bZIP16	NbT2T02g02615	5	52.1837	tp
#
/users/fyp/fyp5/project/genome/motif_databases/ARABD/ArabidopsisDAPv1.meme	bZIP_tnt.bZIP28_col_a_m1	bZIP28	NbT2T02g00734	121	686.384	fp
/users/fyp/fyp5/project/genome/motif_databases/ARABD/ArabidopsisDAPv1.meme	bZIP_tnt.bZIP28_col_a_m1	bZIP28	NbT2T13g00181	872	537.37	fp
/users/fyp/fyp5/project/genome/motif_databases/ARABD/ArabidopsisDAPv1.meme	bZIP_tnt.bZIP28_col_a_m1	bZIP28	NbT2T02g00193	110	465.975	fp
/users/fyp/fyp5/project/genome/motif_databases/ARABD/ArabidopsisDAPv1.meme	bZIP_tnt.bZIP28_col_a_m1	bZIP28	NbT2T11g02007	776	405.867	fp
/users/fyp/fyp5/project/genome/motif_databases/ARABD/ArabidopsisDAPv1.meme	bZIP_tnt.bZIP28_col_a_m1	bZIP28	NbT2T01g00905	69	266.728	fp
/users/fyp/fyp5/project/genome/motif_databases/ARABD/ArabidopsisDAPv1.meme	bZIP_tnt.bZIP28_col_a_m1	bZIP28	NbT2T03g02868	226	144.141	fp
/users/fyp/fyp5/project/genome/motif_databases/ARABD/ArabidopsisDAPv1.meme	bZIP_tnt.bZIP28_col_a_m1	bZIP28	NbT2T03g02868	7	144.141	tp
/users/fyp/fyp5/project/genome/motif_databases/ARABD/ArabidopsisDAPv1.meme	bZIP_tnt.bZIP28_col_a_m1	bZIP28	NbT2T17g02363	1154	136.643	fp
/users/fyp/fyp5/project/genome/motif_databases/ARABD/ArabidopsisDAPv1.meme	bZIP_tnt.bZIP28_col_a_m1	bZIP28	NbT2T08g00448	555	121.896	fp
/users/fyp/fyp5/project/genome/motif_databases/ARABD/ArabidopsisDAPv1.meme	bZIP_tnt.bZIP28_col_a_m1	bZIP28	NbT2T16g01491	1072	120.353	fp
/users/fyp/fyp5/project/genome/motif_databases/ARABD/ArabidopsisDAPv1.meme	bZIP_tnt.bZIP28_col_a_m1	bZIP28	NbT2T16g01491	26	120.353	tp
/users/fyp/fyp5/project/genome/motif_databases/ARABD/ArabidopsisDAPv1.meme	bZIP_tnt.bZIP28_col_a_m1	bZIP28	NbT2T07g00973	468	115.248	fp
/users/fyp/fyp5/project/genome/motif_databases/ARABD/ArabidopsisDAPv1.meme	bZIP_tnt.bZIP28_col_a_m1	bZIP28	NbT2T02g00142	108	114.444	fp
/users/fyp/fyp5/project/genome/motif_databases/ARABD/ArabidopsisDAPv1.meme	bZIP_tnt.bZIP28_col_a_m1	bZIP28	NbT2T02g00142	3	114.444	tp
/users/fyp/fyp5/project/genome/motif_databases/ARABD/ArabidopsisDAPv1.meme	bZIP_tnt.bZIP28_col_a_m1	bZIP28	NbT2T10g01640	719	109.297	fp
/users/fyp/fyp5/project/genome/motif_databases/ARABD/ArabidopsisDAPv1.meme	bZIP_tnt.bZIP28_col_a_m1	bZIP28	NbT2T08g01461	573	88.2187	fp
/users/fyp/fyp5/project/genome/motif_databases/ARABD/ArabidopsisDAPv1.meme	bZIP_tnt.bZIP28_col_a_m1	bZIP28	NbT2T19g02714	1277	86.3896	fp
/users/fyp/fyp5/project/genome/motif_databases/ARABD/ArabidopsisDAPv1.meme	bZIP_tnt.bZIP28_col_a_m1	bZIP28	NbT2T19g02714	36	86.3896	tp
/users/fyp/fyp5/project/genome/motif_databases/ARABD/ArabidopsisDAPv1.meme	bZIP_tnt.bZIP28_col_a_m1	bZIP28	NbT2T11g00356	742	79.6288	fp
/users/fyp/fyp5/project/genome/motif_databases/ARABD/ArabidopsisDAPv1.meme	bZIP_tnt.bZIP28_col_a_m1	bZIP28	NbT2T11g00356	20	79.6288	tp
/users/fyp/fyp5/project/genome/motif_databases/ARABD/ArabidopsisDAPv1.meme	bZIP_tnt.bZIP28_col_a_m1	bZIP28	NbT2T11g02261	788	78.8333	fp
/users/fyp/fyp5/project/genome/motif_databases/ARABD/ArabidopsisDAPv1.meme	bZIP_tnt.bZIP28_col_a_m1	bZIP28	NbT2T07g02533	505	74.8885	fp
/users/fyp/fyp5/project/genome/motif_databases/ARABD/ArabidopsisDAPv1.meme	bZIP_tnt.bZIP28_col_a_m1	bZIP28	NbT2T02g02615	167	71.6798	fp
/users/fyp/fyp5/project/genome/motif_databases/ARABD/ArabidopsisDAPv1.meme	bZIP_tnt.bZIP28_col_a_m1	bZIP28	NbT2T02g02615	5	71.6798	tp
/users/fyp/fyp5/project/genome/motif_databases/ARABD/ArabidopsisDAPv1.meme	bZIP_tnt.bZIP28_col_a_m1	bZIP28	NbT2T04g02525	292	69.4417	fp
/users/fyp/fyp5/project/genome/motif_databases/ARABD/ArabidopsisDAPv1.meme	bZIP_tnt.bZIP28_col_a_m1	bZIP28	NbT2T11g02161	782	57.0172	fp
/users/fyp/fyp5/project/genome/motif_databases/ARABD/ArabidopsisDAPv1.meme	bZIP_tnt.bZIP28_col_a_m1	bZIP28	NbT2T09g01134	636	54.7287	fp
/users/fyp/fyp5/project/genome/motif_databases/ARABD/ArabidopsisDAPv1.meme	bZIP_tnt.bZIP28_col_a_m1	bZIP28	NbT2T08g02798	608	49.1185	fp
/users/fyp/fyp5/project/genome/motif_databases/ARABD/ArabidopsisDAPv1.meme	bZIP_tnt.bZIP28_col_a_m1	bZIP28	NbT2T03g00294	175	45.932	fp
/users/fyp/fyp5/project/genome/motif_databases/ARABD/ArabidopsisDAPv1.meme	bZIP_tnt.bZIP28_col_a_m1	bZIP28	NbT2T13g01209	890	43.0273	fp
/users/fyp/fyp5/project/genome/motif_databases/ARABD/ArabidopsisDAPv1.meme	bZIP_tnt.bZIP28_col_a_m1	bZIP28	NbT2T08g01928	588	39.9096	fp
/users/fyp/fyp5/project/genome/motif_databases/ARABD/ArabidopsisDAPv1.meme	bZIP_tnt.bZIP28_col_a_m1	bZIP28	NbT2T15g01487	997	34.8118	fp
/users/fyp/fyp5/project/genome/motif_databases/ARABD/ArabidopsisDAPv1.meme	bZIP_tnt.bZIP28_col_a_m1	bZIP28	NbT2T15g01487	24	34.8118	tp
#
/users/fyp/fyp5/project/genome/motif_databases/ARABD/ArabidopsisDAPv1.meme	bZIP_tnt.bZIP68_col_a_m1	bZIP68	NbT2T01g00905	69	1273.67	fp
/users/fyp/fyp5/project/genome/motif_databases/ARABD/ArabidopsisDAPv1.meme	bZIP_tnt.bZIP68_col_a_m1	bZIP68	NbT2T02g00734	121	1214.38	fp
/users/fyp/fyp5/project/genome/motif_databases/ARABD/ArabidopsisDAPv1.meme	bZIP_tnt.bZIP68_col_a_m1	bZIP68	NbT2T11g02007	776	1038.06	fp
/users/fyp/fyp5/project/genome/motif_databases/ARABD/ArabidopsisDAPv1.meme	bZIP_tnt.bZIP68_col_a_m1	bZIP68	NbT2T02g00193	110	479.601	fp
/users/fyp/fyp5/project/genome/motif_databases/ARABD/ArabidopsisDAPv1.meme	bZIP_tnt.bZIP68_col_a_m1	bZIP68	NbT2T13g00181	872	469.262	fp
/users/fyp/fyp5/project/genome/motif_databases/ARABD/ArabidopsisDAPv1.meme	bZIP_tnt.bZIP68_col_a_m1	bZIP68	NbT2T03g02868	226	252.827	fp
/users/fyp/fyp5/project/genome/motif_databases/ARABD/ArabidopsisDAPv1.meme	bZIP_tnt.bZIP68_col_a_m1	bZIP68	NbT2T03g02868	7	252.827	tp
/users/fyp/fyp5/project/genome/motif_databases/ARABD/ArabidopsisDAPv1.meme	bZIP_tnt.bZIP68_col_a_m1	bZIP68	NbT2T16g01491	1072	226.627	fp
/users/fyp/fyp5/project/genome/motif_databases/ARABD/ArabidopsisDAPv1.meme	bZIP_tnt.bZIP68_col_a_m1	bZIP68	NbT2T16g01491	26	226.627	tp
/users/fyp/fyp5/project/genome/motif_databases/ARABD/ArabidopsisDAPv1.meme	bZIP_tnt.bZIP68_col_a_m1	bZIP68	NbT2T17g02363	1154	213.147	fp
/users/fyp/fyp5/project/genome/motif_databases/ARABD/ArabidopsisDAPv1.meme	bZIP_tnt.bZIP68_col_a_m1	bZIP68	NbT2T11g00356	742	198.628	fp
/users/fyp/fyp5/project/genome/motif_databases/ARABD/ArabidopsisDAPv1.meme	bZIP_tnt.bZIP68_col_a_m1	bZIP68	NbT2T11g00356	20	198.628	tp
/users/fyp/fyp5/project/genome/motif_databases/ARABD/ArabidopsisDAPv1.meme	bZIP_tnt.bZIP68_col_a_m1	bZIP68	NbT2T07g02533	505	198.359	fp
/users/fyp/fyp5/project/genome/motif_databases/ARABD/ArabidopsisDAPv1.meme	bZIP_tnt.bZIP68_col_a_m1	bZIP68	NbT2T11g02161	782	192.583	fp
/users/fyp/fyp5/project/genome/motif_databases/ARABD/ArabidopsisDAPv1.meme	bZIP_tnt.bZIP68_col_a_m1	bZIP68	NbT2T19g02714	1277	167.616	fp
/users/fyp/fyp5/project/genome/motif_databases/ARABD/ArabidopsisDAPv1.meme	bZIP_tnt.bZIP68_col_a_m1	bZIP68	NbT2T19g02714	36	167.616	tp
/users/fyp/fyp5/project/genome/motif_databases/ARABD/ArabidopsisDAPv1.meme	bZIP_tnt.bZIP68_col_a_m1	bZIP68	NbT2T02g00142	108	135.901	fp
/users/fyp/fyp5/project/genome/motif_databases/ARABD/ArabidopsisDAPv1.meme	bZIP_tnt.bZIP68_col_a_m1	bZIP68	NbT2T02g00142	3	135.901	tp
/users/fyp/fyp5/project/genome/motif_databases/ARABD/ArabidopsisDAPv1.meme	bZIP_tnt.bZIP68_col_a_m1	bZIP68	NbT2T04g02525	292	92.4876	fp
/users/fyp/fyp5/project/genome/motif_databases/ARABD/ArabidopsisDAPv1.meme	bZIP_tnt.bZIP68_col_a_m1	bZIP68	NbT2T10g01640	719	84.7972	fp
/users/fyp/fyp5/project/genome/motif_databases/ARABD/ArabidopsisDAPv1.meme	bZIP_tnt.bZIP68_col_a_m1	bZIP68	NbT2T02g02615	167	74.1001	fp
/users/fyp/fyp5/project/genome/motif_databases/ARABD/ArabidopsisDAPv1.meme	bZIP_tnt.bZIP68_col_a_m1	bZIP68	NbT2T02g02615	5	74.1001	tp
/users/fyp/fyp5/project/genome/motif_databases/ARABD/ArabidopsisDAPv1.meme	bZIP_tnt.bZIP68_col_a_m1	bZIP68	NbT2T08g01461	573	71.8071	fp
/users/fyp/fyp5/project/genome/motif_databases/ARABD/ArabidopsisDAPv1.meme	bZIP_tnt.bZIP68_col_a_m1	bZIP68	NbT2T07g00973	468	63.3204	fp
/users/fyp/fyp5/project/genome/motif_databases/ARABD/ArabidopsisDAPv1.meme	bZIP_tnt.bZIP68_col_a_m1	bZIP68	NbT2T02g02793	169	59.7438	fp
/users/fyp/fyp5/project/genome/motif_databases/ARABD/ArabidopsisDAPv1.meme	bZIP_tnt.bZIP68_col_a_m1	bZIP68	NbT2T08g01928	588	58.2511	fp
/users/fyp/fyp5/project/genome/motif_databases/ARABD/ArabidopsisDAPv1.meme	bZIP_tnt.bZIP68_col_a_m1	bZIP68	NbT2T15g01487	997	56.4742	fp
/users/fyp/fyp5/project/genome/motif_databases/ARABD/ArabidopsisDAPv1.meme	bZIP_tnt.bZIP68_col_a_m1	bZIP68	NbT2T15g01487	24	56.4742	tp
